:020000040800F2
:10000000E83700207902000819650008D55A000871
:100010008564000835070008C58900080000000055
:100020000000000000000000000000002173000834
:10003000A90900080000000089650008757400081F
:10004000930200089302000893020008930200083C
:10005000930200089302000893020008930200082C
:100060009302000893020008AD090008E9070008A0
:10007000F9070008090800081908000829080008FD
:100080003908000893020008930200089302000850
:1000900093020008110A0008930200089302000866
:1000A00093020008930200089302000893020008DC
:1000B00093020008930200089302000893020008CC
:1000C00093020008930200089302000893020008BC
:1000D000930200088187000891870008A187000823
:1000E000930200089302000893020008930200089C
:1000F000930200089302000893020008930200088C
:10010000930200089302000893020008930200087B
:10011000930200089302000893020008930200086B
:1001200049080008930200089302000859080008D3
:10013000930200089302000893020008930200084B
:10014000930200089302000893020008930200083B
:10015000930200089302000893020008930200082B
:10016000930200089302000893020008930200081B
:10017000930200089302000893020008930200080B
:1001800093020008930200089302000893020008FB
:10019000930200080000000093020008210A0008F2
:1001A00093020008930200089302000893020008DB
:1001B00093020008930200089302000893020008CB
:1001C00093020008930200089302000893020008BB
:1001D000930200089302000800F002F800F03CF8D7
:1001E0000AA090E8000C82448344AAF10107DA4592
:1001F00001D100F031F8AFF2090EBAE80F0013F0A8
:10020000010F18BFFB1A43F001031847F4A40000C4
:1002100014A50000103A24BF78C878C1FAD8520754
:1002200024BF30C830C144BF04680C607047000070
:100230000023002400250026103A28BF78C1FBD8EF
:10024000520728BF30C148BF0B6070471FB50AF086
:1002500022FA1FBD10B510BD00F079F91146FFF765
:10026000F5FF0AF04BF900F097F903B4FFF7F2FF3E
:1002700003BC00F09FF90000094880470948004787
:10028000FEE7FEE7FEE7FEE7FEE7FEE7FEE7FEE746
:10029000FEE7FEE704480549054A064B70470000A3
:1002A000F1740008D9010008E8310020E837002087
:1002B000E8330020E833002053EA020C00F06980A4
:1002C0002DE9F04B4FF00006002B1FBFB3FA83F56A
:1002D00003FA05F424FA05F65E4012BF1643B2FA9B
:1002E00082F502FA05F4C5F120051EBF22FA05FCCD
:1002F00044EA0C04203556EA044C4FEA144418BF73
:10030000641C4FF000084FF00009904271EB030CA1
:1003100039D3002919BFB1FA81F701FA07F6B0FA0B
:1003200080F700FA07F6C7F120071EBF20FA07FC86
:1003300046EA0C062037B6FBF4FCA7EB0507103F96
:1003400007F01F0BCBF120062CFA06F60CFA0BFB7C
:1003500044BFB3460026202FA4BF5E464FF0000BDB
:100360005BEA060C08BF4FF0010B19EB0B0948EBD9
:100370000608ABFB027C06FB02CC0BFB03CCC01BCC
:1003800071EB0C01C1E70B46024641464846BDE809
:10039000F08B13B5084318BF4FF0FF300146AFF3A1
:1003A0000080BDE81C407047032A40F2308010F006
:1003B000030C00F0158011F8013BBCF1020F624400
:1003C00098BF11F801CB00F8013B38BF11F8013B91
:1003D000A2F1040298BF00F801CB38BF00F8013B3E
:1003E00011F0030300F08180083AC0F0088051F852
:1003F000043B083A51F804CBA0E80810F5E7121DB9
:100400005CBF51F8043B40F8043BAFF30080D207D7
:1004100024BF11F8013B11F801CB48BF11F8012BA3
:1004200024BF00F8013B00F801CB48BF00F8012BC6
:10043000704702F0FF0343EA032242EA024200F05F
:100440000AB802F0FF0343EA032242EA024200F044
:1004500024B84FF000020429C0F0128010F0030C01
:1004600000F01B80CCF1040CBCF1020F18BF00F8A7
:10047000012BA8BF20F8022BA1EB0C0100F00DB856
:100480005FEAC17C24BF00F8012B00F8012B48BFB4
:1004900000F8012B70474FF0000200B51346944658
:1004A0009646203922BFA0E80C50A0E80C50B1F1CC
:1004B0002001BFF4F7AF090728BFA0E80C5048BFE0
:1004C0000CC05DF804EB890028BF40F8042B08BF7E
:1004D000704748BF20F8022B11F0804F18BF00F87A
:1004E000012B704770477047704710B5203AC0F035
:1004F0000B80B1E81850A0E81850B1E81850A0E8F7
:100500001850203ABFF4F5AF5FEA027C24BFB1E88F
:100510001850A0E8185044BF18C918C0BDE81040D2
:100520005FEA827C24BF51F8043B40F8043B08BFDB
:100530007047D20728BF31F8023B48BF11F8012BA2
:1005400028BF20F8023B48BF00F8012B70477546D2
:1005500000F02CF8AE4605006946534620F007002F
:10056000854618B020B5FFF795FEBDE820404FF056
:1005700000064FF000074FF000084FF0000BAC46AC
:10058000ACE8C009ACE8C009ACE8C009ACE8C009F7
:1005900021F007018D46704710B50446AFF3008087
:1005A0002046BDE81040FFF760BE000000487047DD
:1005B0003800002001491820ABBEFEE726000200EB
:1005C0007047000080B582B041F69810C2F200007A
:1005D00040F29801C2F200016422019206F0A2F8F2
:1005E000019A41F6A810C2F2000040F2D861C2F2AE
:1005F000000106F097F8019A41F6B810C2F2000027
:1006000040F61851C2F2000106F08CF8019A41F64A
:10061000C810C2F2000041F25831C2F2000106F0E7
:1006200081F802B080BD000080B582B041F6B820EC
:10063000C2F20000002180F81412C1604160016024
:100640004FF40071019181601430FFF724FF019A8B
:1006500042F21460C2F2000042F6E131C2F200013F
:1006600004F006FB18B1FFE700F0CAF9FFE742F219
:100670005C20C2F200000168086840F00E000860CB
:1006800002B080BD80B582B041F6D040C2F2000019
:100690000021C160416001604FF4007101918160EF
:1006A0001430FFF7F8FE019A42F2A860C2F200008F
:1006B00042F6E151C2F2000104F0DAFA18B1FFE7A4
:1006C00000F09EF9FFE742F21C30C2F20000016820
:1006D000086840F00E00086002B080BD80B582B0AE
:1006E00041F6E860C2F200000021C1604160016093
:1006F0004FF40071019181601430FFF7CCFE019A34
:1007000042F23C70C2F2000042F6E171C2F2000116
:1007100004F0AEFA18B1FFE700F072F9FFE742F219
:10072000DC30C2F200000168086840F00E0008608A
:1007300002B080BDFFE7FEE780B58AB0099008915E
:100740000792002006900590049003900899C968CC
:10075000049108990968ADF80C108DF80B00FFE7BB
:100760009DF80B00049988420ED2FFE707989DF888
:100770000B20805C03A911440872FFE79DF80B0071
:1007800001308DF80B00EBE7099842F29C41C2F270
:10079000000188420ED1FFE70399049A059B069851
:1007A000EC46CCF8000041F69810C2F2000005F0CB
:1007B00075FF16E0099842F20051C2F2000188422A
:1007C0000ED1FFE70399049A059B0698EC46CCF8F6
:1007D000000041F6B810C2F2000005F05FFFFFE72D
:1007E000FFE70AB080BD000080B542F29C10C2F263
:1007F000000000F0F5FC80BD80B542F2FC10C2F2B2
:10080000000000F0EDFC80BD80B542F25C20C2F239
:10081000000000F0E5FC80BD80B542F2BC20C2F2D1
:10082000000000F0DDFC80BD80B542F21C30C2F259
:10083000000000F0D5FC80BD80B542F27C30C2F2F1
:10084000000000F0CDFC80BD80B542F23C40C2F219
:10085000000000F0C5FC80BD80B542F2DC30C2F281
:10086000000000F0BDFC80BD84B0039003980068D8
:1008700040F20741C4F20201884211D8FFE740F676
:100880000000C4F2020000900398007808384CF68B
:10089000CD41CCF6CC41A0FB01100009019012E043
:1008A00040F62000C4F20200009003980078083857
:1008B0004CF6CD41CCF6CC41A0FB0101082000EB69
:1008C00011100190FFE700980290029803994A6C7A
:1008D00022F0030210448864039940F68000C4F2B9
:1008E0000200C864019800F01F01012088400399AC
:1008F000086504B07047000082B00190019840681C
:1009000000F07F000090009940F6FC00C4F2020065
:1009100000EB810001994865019940F64010C4F24E
:10092000020088650098013800F01F01012088400E
:100930000199C86502B0704784B00390029101929A
:1009400000930398C16C006D48600398406D28B116
:10095000FFE70398816DC06D4860FFE70398016C65
:10096000406C00F01F0201209040486000980399FD
:100970000968486003988068102809D1FFE701984A
:10098000039909688860029803990968C86008E0BB
:100990000298039909688860019803990968C860FA
:1009A000FFE704B0704700007047000080B540F2D8
:1009B0001440C4F201000068C006002809D5FFE712
:1009C00040F21441C4F201011020086008F06AFFEF
:1009D000FFE780BD80B582B00190019870B1FFE75C
:1009E00042F65801C2F2000144F60000C0F60100D0
:1009F000C1F80802172108F015FFFFE702B080BD1B
:100A000081B0EFF3108072B60090FFE7FEE70000C0
:100A100080B542F29C40C2F2000001F003F980BDB3
:100A200080B542F20050C2F2000001F0FBF880BD38
:100A300083B002904AF20040C4F200000090029895
:100A4000006846F60001C4F20001884205D1FFE7C4
:100A5000009800F554700090FFE70298006846F691
:100A60000041C4F20001884205D1FFE7009800F57B
:100A7000D4600090FFE7009802990864029800682B
:100A8000D0F8800020F4F810029A1168526B40EA06
:100A90000240C1F8800000987030029948640298C2
:100AA0000068D0F8800020F07060029A1168926BA4
:100AB00040EA0260C1F880000098B0300299886472
:100AC000009800F5C4700299C864009800F5187089
:100AD00002990865009800F51E7002994865009813
:100AE0000190FFE70198009901F55471884208D2FE
:100AF000FFE7019900200860FFE7019804300190AA
:100B0000F0E703B07047000088B0079006910592A7
:100B100004930698406848B9FFE706980168826820
:100B20000069104340EA8140039009E0069801689B
:100B3000826800691043084340F080400390FFE75B
:100B40000698D0F820C0C16842698369C06940EA4C
:100B50000C601843104340EA014002900798406D32
:100B6000049901EBC10100EBC100019003980199C8
:100B7000086001980430019002980199086001987A
:100B80000430019000200090FFE700980699CA68A1
:100B90004AF2C861C0F60001895C88420DD2FFE7C5
:100BA0000598009940580199086001980430019017
:100BB000FFE7009804300090E7E708B070470000B6
:100BC00081B040F20C00C2F20000007F8DF80300FB
:100BD0009DF80300012805D0FFE79DF803000328D6
:100BE0001FD1FFE742F20001C4F20201086820F4BD
:100BF00000700860FFE742F20001C4F202010868D9
:100C000040F400600860086820F400600860FFE7B6
:100C100042F20001C4F20201086840F4007008606A
:100C2000FFE79DF80300022805D0FFE79DF80300C9
:100C3000032817D1FFE7FFE742F20001C4F20201E7
:100C4000086840F480500860086820F4805008600C
:100C5000FFE742F20001C4F20201086840F480603C
:100C60000860FFE740F20C01C2F2000100200877A3
:100C700001B0704781B0009042F22000C4F202003F
:100C80000068400200281ED5FFE79DF80000C0075D
:100C900048B1FFE742F21401C4F20201086840F0D3
:100CA00004000860FFE79DF800008007002809D5D0
:100CB000FFE742F21401C4F20201086840F4004068
:100CC0000860FFE709E042F21401C4F2020108687B
:100CD00048F2040210430860FFE742F21401C4F234
:100CE0000201086840F48030086001B070470000DD
:100CF00082B00190009142F22000C4F2020000682C
:100D00004002002809D4FFE742F21401C4F20201B4
:100D1000086820F40060086017E09DF80000C00734
:100D200048B1FFE742F21401C4F20201086820F45E
:100D30000060086008E042F21401C4F20201086891
:100D400040F400600860FFE7FFE742F21401C4F2DC
:100D50000201086820F47E709DF8042040EAC20079
:100D60000860086840F002000860086840F48030BD
:100D7000086002B07047000084B0039001930092B5
:100D800042F21401C4F20201086840F00100086058
:100D9000009803990860BFF36F8F0198039948602A
:100DA00004B0704789B00590049140208DF80F0081
:100DB000059802900498019042F21401C4F20201D5
:100DC000086840F480200860EFF3108006900698D1
:100DD0000090EFF3108072B60790FFE7019800686B
:100DE0000299086002980430029001980430019042
:100DF0009DF80F0001388DF80F00FFE79DF80F00F8
:100E00000028EBD1FFE700980890089880F310883D
:100E100009B0704780B584B0029001F0C5FE019022
:100E2000FFE742F21000C4F202000068C00300288D
:100E30000DD5FFE701F0B8FE0199401A02998842EA
:100E400004D9FFE703208DF80F0058E0E9E742F2EC
:100E50001000C4F2020000684CF2FA310840009021
:100E6000009860B3FFE7009A40F20C01C2F2000163
:100E7000486810434860FFE79DF8030010F0F00F4A
:100E80000BD0FFE7009800F0704242F21801C4F264
:100E90000201086810430860FFE70098000148B1AC
:100EA000FFE7009820F0704042F21001C4F2020106
:100EB0000860FFE7FFE701208DF80F001FE0012029
:100EC00040B9FFE742F21800C4F202000068C00710
:100ED00040B910E042F21000C4F202000068C007FE
:100EE00048B1FFE7FFE742F21001C4F2020101201E
:100EF0000860FFE7FFE700208DF80F00FFE79DF88F
:100F00000F0004B080BD000080B586B0059004914C
:100F10000392039800284FD1FFE704980088014608
:100F20000291012808D0FFE70298022819D0FFE7B4
:100F3000029803282AD03EE041F6DC11C2F20001FB
:100F4000086840F001000860049800880599A1F83D
:100F500021000598233004990831082204F0BCFDD3
:100F600029E041F6DC11C2F20001086840F00200FD
:100F70000860049800880599A1F82B0005982D3089
:100F800004990831082204F0A7FD14E041F6DC11B1
:100F9000C2F20001086840F004000860049800886C
:100FA0000599A1F8350005983730049908310822D1
:100FB00004F092FDFFE74EE004980088014601919D
:100FC000012808D0FFE70198022819D0FFE701980F
:100FD00003282AD03EE041F6DC11C2F20001486845
:100FE00040F001004860049800880599A1F80300CA
:100FF0000598053004990831082204F06DFD29E0B8
:1010000041F6DC11C2F20001486840F0020048607D
:10101000049800880599A1F80D0005980F300499EF
:101020000831082204F058FD14E041F6DC11C2F248
:101030000001486840F00400486004980088059961
:10104000A1F817000598193004990831082204F016
:1010500043FDFFE7FFE706B080BD000083B00190CD
:1010600000208DF80300019820B9FFE701208DF8DA
:101070000B0049E0019890F82500022807D0FFE70F
:1010800001990420C86301208DF803002DE0019828
:101090000168086820F0010008600198016808688C
:1010A00020F00E0008600198816C086820F48070C0
:1010B00008600198016C406C00F01F020120904014
:1010C00048600198C16C006D48600198406D58B14E
:1010D000FFE70198416D086820F48070086001986E
:1010E000816DC06D4860FFE7FFE70199012081F83D
:1010F0002500FFE70199002081F82400FFE79DF813
:1011000003008DF80B00FFE79DF80B0003B070475C
:1011100080B582B0019000208DF80300019890F80E
:101120002500022811D0FFE701990420C863019926
:10113000012081F82500FFE70199002081F82400B3
:10114000FFE701208DF803003FE00198016808687F
:1011500020F00100086001980168086820F00E0086
:1011600008600198816C086820F48070086001981C
:10117000016C406C00F01F02012090404860019813
:10118000C16C006D48600198406D58B1FFE701984F
:10119000416D086820F4807008600198816DC06D11
:1011A0004860FFE70199012081F82500FFE70199D8
:1011B000002081F82400FFE70198806B20B1FFE751
:1011C0000198816B8847FFE7FFE79DF8030002B0B5
:1011D00080BD000081B000900098C06B01B07047E6
:1011E00080B584B003900398006C00680290039867
:1011F00000680068019002980399496C01F01F0192
:10120000C8404007002825D5FFE79DF804004007A7
:1012100000281FD5FFE703980068006880060028B3
:1012200007D4FFE703980168086820F0040008600D
:10123000FFE70398016C406C00F01F02042090400F
:1012400048600398006B20B1FFE70398016B884763
:10125000FFE76EE002980399496C01F01F01C84056
:10126000800700282FD5FFE79DF80400800700289D
:1012700029D5FFE7039800680068800600280BD492
:10128000FFE703980168086820F00A0008600399E6
:10129000012081F82500FFE70398016C406C00F005
:1012A0001F02022090404860FFE70399002081F868
:1012B0002400FFE70398C06A20B1FFE70398C16AE2
:1012C0008847FFE734E002980399496C01F01F0159
:1012D000C8400007002829D5FFE79DF80400000753
:1012E000002823D5FFE703980168086820F00E0066
:1012F00008600398026C406C00F01F01012000FAA6
:1013000001F151600399C863039981F82500FFE753
:101310000399002081F82400FFE70398406B20B177
:10132000FFE70398416B8847FFE700E0FFE7FFE72F
:10133000FFE704B080BD000080B584B00290029841
:1013400020B9FFE701208DF80F009EE002980068A9
:1013500040F20741C4F20201884218D8FFE702991F
:1013600008684FF6F872CBF6FD7210444CF6CD4289
:10137000CCF6CC42A0FB02026FF0030000EA920020
:10138000486402990020C4F20200086418E002993F
:1013900008684FF6F832CBF6FD7210444CF6CD4299
:1013A000CCF6CC42A0FB02026FF0030000EA9200F0
:1013B0004864029940F20040C4F202000864FFE76A
:1013C0000299022081F825000298006800680190C7
:1013D000019847F6F0718843019002998868D1F826
:1013E0000CC00B694A6940EA0C00184310438A6933
:1013F0001043CA691043096A0143019808430190E8
:1014000001980299096808600298FFF72DFA02987E
:101410008068B0F5804F04D1FFE702990020486052
:10142000FFE702994868896C00F07F000860029825
:10143000C16C006D48600298406888B1FFE702986F
:10144000406804280CD8FFE70298FFF755FA029885
:10145000416D002008600298816DC06D486007E012
:10146000029900204865029988650299C865FFE7DE
:1014700002990020C863029A012182F8251002997E
:1014800081F824008DF80F00FFE79DF80F0004B0ED
:1014900080BD000080B586B0049003910292019354
:1014A00000208DF80300FFE7049890F8240001283D
:1014B00004D1FFE702208DF8170065E004990120B0
:1014C00081F82400FFE7FFE7049890F82500012841
:1014D0004BD1FFE70499022081F8250004990020F0
:1014E000C86304980168086820F001000860049847
:1014F0000399029A019BFFF71FFA0498006B38B119
:10150000FFE704980168086840F00E0008600CE0EE
:1015100004980168086820F00400086004980168D5
:10152000086840F00A000860FFE70498806C0068D3
:10153000C003002807D5FFE70498816C086840F4D1
:1015400080700860FFE70498406D38B1FFE70498A9
:10155000416D086840F480700860FFE704980168F6
:10156000086840F00100086009E0FFE704990020E6
:1015700081F82400FFE702208DF80300FFE79DF8C3
:1015800003008DF81700FFE79DF8170006B080BD37
:1015900086B0049003910292049890F85C008DF854
:1015A0000700BDF80C0010F4C07F01D0FFE7FFE793
:1015B0009DF80700012806D0FFE79DF807000228E4
:1015C00040F0DE80FFE704980068806D00909DF891
:1015D0000C00400730B1FFE79DF80000C00700286D
:1015E00047D0FFE79DF80C0010F0380F06D0FFE75A
:1015F0009DF80000800700283BD5FFE7BDF80C00F0
:1016000010F4E07F06D0FFE79DF8000040070028B7
:101610002FD5FFE79DF80D0010F01E0F06D0FFE755
:101620009DF800000007002823D5FFE79DF80D0076
:1016300010F0E00F06D0FFE79DF80000C00600287C
:1016400017D5FFE79DF80E00800730B1FFE79DF842
:101650000000800600280CD5FFE79DF80E0010F072
:10166000FC0F0DD0FFE79DF800004006002807D4CE
:10167000FFE704980168C86D40F00100C865FFE706
:101680009DF80C00400730B1FFE79DF80000C0074F
:10169000002847D1FFE79DF80C0010F0380F06D066
:1016A000FFE79DF80000800700283BD4FFE7BDF866
:1016B0000C0010F4E07F06D0FFE79DF80000400723
:1016C00000282FD4FFE79DF80D0010F01E0F06D064
:1016D000FFE79DF800000007002823D4FFE79DF8EE
:1016E0000D0010F0E00F06D0FFE79DF80000C006E7
:1016F000002817D4FFE79DF80E00800730B1FFE700
:101700009DF80000800600280CD4FFE79DF80E002D
:1017100010F0FC0F0DD0FFE79DF8000040060028F8
:1017200007D5FFE704980168C86D40F00200C8655E
:10173000FFE79DF80C000006002809D5FFE7029A94
:1017400004980168D1F8DC001043C1F8DC00FFE721
:101750009DF80D00C00748B1FFE7029A04980168A0
:10176000D1F8E0001043C1F8E000FFE7039A0498C5
:101770000168486D1043486500208DF8170008E0A7
:101780000499086E40F00200086601208DF81700E9
:10179000FFE79DF8170006B07047000080B586B0DF
:1017A0000490039102920398406808B9FFE700E0B3
:1017B000FFE7049890F85C0002282FD1FFE7049817
:1017C0000068D0F8C4008002002809D5FFE704991A
:1017D000086E40F40070086601208DF8170026E0BE
:1017E00004980068D0F8C400C0F301400190049848
:1017F0000399029A019BFFF787F90199012000FAEA
:1018000001F1049A1268C2F8CC1001998840049939
:101810008865FFE700208DF8170008E00499086E3E
:1018200040F00800086601208DF81700FFE79DF8DA
:10183000170006B080BD000087B0059004910598A0
:1018400090F85C008DF803009DF80300012805D096
:10185000FFE79DF8030002283CD1FFE704980068E9
:10186000B8B9FFE704998868CB680A6949698007B5
:1018700040EAC36040EA0240084303900598006CC8
:101880000499496800EB8100019003980199086070
:101890001CE00498C168006940EA41700390049814
:1018A0008168406940EA817002900598406C049913
:1018B000496800EBC1000190039801990860019804
:1018C00004300190029801990860FFE700208DF82C
:1018D0001B0008E00599086E40F002000866012030
:1018E0008DF81B00FFE79DF81B0007B07047000054
:1018F00085B0DDF814C00390029101920093039823
:1019000090F85C00012819D1FFE703980068D0F82F
:10191000800020F03F0002990901019A41EA82010A
:10192000009A41EA4201059A114308430399096864
:10193000C1F8800000208DF8130008E00399086EBC
:1019400040F00400086601208DF81300FFE79DF8C1
:10195000130005B07047000085B00390029101921A
:10196000039890F85C008DF803009DF803000128AF
:1019700005D0FFE79DF80300022816D1FFE7019884
:10198000012807D1FFE7029A03980168886D904308
:10199000886506E0029A03980168886D104388659F
:1019A000FFE700208DF8130008E00399086E40F06F
:1019B0000200086601208DF81300FFE79DF8130070
:1019C00005B0704781B0009001B0704782B00190BF
:1019D000009102B0704700008AB00890079106920B
:1019E0000593089890F85C008DF803009DF80300BB
:1019F000022840F0FA80FFE7079840283ED1FFE731
:101A000008980068D0F89000000748B9FFE70899E7
:101A1000086E40F48070086601208DF82700EDE024
:101A200008980068D0F89000C0F301200190089851
:101A30000068D0F8900000F080710120B0EB116FC9
:101A400012D1FFE708980068D0F8800000F4007118
:101A50000120B0EB512F06D1FFE70198013000F0D3
:101A600003000190FFE7FFE70898806C019901EB04
:101A7000C10100EBC1000490FFE73DE00898006859
:101A8000D0F89800000748B9FFE70899086E40F4BD
:101A90008070086601208DF82700AFE00898006884
:101AA000D0F89800C0F30120019008980068D0F8A1
:101AB000980000F080710120B0EB116F12D1FFE7A8
:101AC00008980068D0F8800000F480710120B0EB25
:101AD000112F06D1FFE70198013000F003000190BB
:101AE000FFE7FFE70898C06C019901EBC10100EB2B
:101AF000C1000490FFE7FFE70498006800F0804011
:101B0000069948600698406838B9FFE7049800686D
:101B1000C0F38A400699086006E00498006820F047
:101B2000604006990860FFE70498006800F00050E4
:101B3000069988600498006800F0004006990861E2
:101B4000049804300490049800880699C8610498A9
:101B50000068C0F303400699C8600498006800F468
:101B60008010069948610498006800F400100699F6
:101B7000886104980068C0F30660069908620498BA
:101B80000068C00F069948620498043004900498D5
:101B9000039000200290FFE702980699CA684AF273
:101BA000C861C0F60001895C88420AD2FFE7039849
:101BB000029A805C05998854FFE7029801300290F0
:101BC000EAE70798402806D1FFE7019808990968D5
:101BD000C1F8940005E0019808990968C1F89C00D3
:101BE000FFE700208DF8270008E00899086E40F014
:101BF0000800086601208DF82700FFE79DF8270000
:101C00000AB0704782B0019001980068D0F8C40013
:101C100000F007000090009802B0704781B000907B
:101C200001B0704780B58AB0099009980068006DCE
:101C300000F4E050089009980068416D0898084049
:101C4000089009980068006D00F007000790099857
:101C50000068416D07980840079009980068006D7A
:101C600000F03800069009980068416D0698084019
:101C7000069009980068006D00F4710005900998BD
:101C80000068416D05980840059009980068006D4E
:101C900000F46020049009980068416D04980840A1
:101CA000049009980068406D019009980068006DE3
:101CB00000909DF8000000F040010020B0EB911F63
:101CC00012D0FFE79DF8040000F040010020B0EBC7
:101CD000911F08D0FFE7099801684020086509981E
:101CE000FFF79CFFFFE7FFE79DF80100C007E0B1A9
:101CF000FFE79DF80500C007B0B1FFE7099800684D
:101D0000D0F8D800029009980068D0F8E010029846
:101D100008400290099801684FF48070086509989E
:101D2000029900F07BFBFFE7FFE7089848B1FFE767
:101D300008980999096808650998089900F07AFBDC
:101D4000FFE7079848B1FFE7079809990968086510
:101D50000998079900F0F2FAFFE7069848B1FFE703
:101D600006980999096808650998069900F006FB24
:101D7000FFE79DF8010000F002010020B0EB510FD9
:101D800013D0FFE79DF8050000F002010020B0EB42
:101D9000510F09D0FFE7099801684FF400700865FA
:101DA000099800F04DFBFFE7FFE79DF800100020C9
:101DB000B0EBD11F1DD0FFE79DF804100020B0EB61
:101DC000D11F15D0FFE709980068D0F8D400039020
:101DD00009980068D0F8DC1003980840039009982F
:101DE0000168802008650998039900F01DFBFFE752
:101DF000FFE79DF8010000F020010020B0EB511F2B
:101E000013D0FFE79DF8050000F020010020B0EBA3
:101E1000511F09D0FFE7099801684FF40050086589
:101E2000099800F0F7FAFFE7FFE79DF8011000209E
:101E3000B0EBD11F11D0FFE79DF805100020B0EBEB
:101E4000D11F09D0FFE7099801684FF400400865E9
:101E5000099800F0DBFAFFE7FFE79DF8010000F0CA
:101E600040010020B0EB911F15D0FFE79DF8050061
:101E700000F040010020B0EB911F0BD0FFE7099864
:101E800001684FF4804008650999086E40F08000B1
:101E90000866FFE7FFE7049848B1FFE7049809994F
:101EA0000968086509980499FFF790FDFFE7059810
:101EB00050B1FFE70598099909680865059A0999DD
:101EC000086E10430866FFE70998006E20B1FFE72F
:101ED0000998FFF777FDFFE70AB080BD80B584B0B1
:101EE0000290029820B9FFE701208DF80F0057E11A
:101EF0000298006846F20041C4F20001884201D114
:101F0000FFE7FFE702988068B0F5407F01D1FFE767
:101F1000FFE7029890F85C0040B9FFE702990020C3
:101F200081F85D00029800F03FF9FFE70298016830
:101F3000886920F01000886100F036FE0190FFE70C
:101F40000298006880690007002815D5FFE700F0B7
:101F50002BFE0199401A0B280DD3FFE70299086E5A
:101F600040F0010008660299032081F85C0001201E
:101F70008DF80F0014E1E3E702980168886940F0EA
:101F80000100886100F010FE0190FFE702980068F0
:101F90008069C007A8B9FFE700F006FE0199401A62
:101FA0000B280DD3FFE70299086E40F00100086688
:101FB0000299032081F85C0001208DF80F00EFE00A
:101FC000E4E702980168886940F00200886102989D
:101FD000006846F20041C4F20001884208D1FFE7E0
:101FE0000298406846F20051C4F200010860FFE721
:101FF0000298007C012807D1FFE7029801688869F0
:1020000020F04000886106E002980168886940F08D
:1020100040008861FFE70298407C012807D1FFE774
:1020200002980168886940F48040886106E002985F
:102030000168886920F480408861FFE70298807C0D
:10204000012807D1FFE702980168886920F48050D1
:10205000886106E002980168886940F480508861D0
:10206000FFE702980068806920F44070029A1168C6
:1020700092681043886102980168886920F0A40082
:10208000886102980168086920F0100008610298D0
:10209000C068012807D1FFE702980168886940F00D
:1020A000040088612BE00298C06830B3FFE7029813
:1020B000C068022819D0FFE702980168886940F0DB
:1020C0008000886102980168086940F0100008618A
:1020D0000298C068032807D1FFE702980168886961
:1020E00040F020008861FFE706E0029801688869F7
:1020F00040F020008861FFE700E0FFE7FFE7029A79
:10210000116853699069D2F81CE0A0F1010C6FF0DE
:10211000FF0000EB0E2040EA4C60126A013A1043C7
:102120000022CFF6FF7202EB03421043C86102980F
:102130008068B0F5407F1CD1FFE7029A1168536AAE
:10214000906AD2F82CE001386FF0FF0C0CEB0E2CEB
:1021500040EA0C00D2F830C06FF00F0202EB0C1214
:1021600010430022CFF6FF7202EB03421043C86017
:10217000FFE702980168C26BD1F8C0001043C1F8B4
:10218000C0000298FEF754FC02990020886502996D
:102190000866029A012182F85C108DF80F00FFE7B3
:1021A0009DF80F0004B080BD80B5A4B0239000203E
:1021B0002290219020901F901E9009A85421FEF794
:1021C0006AF92398006846F20041C4F2000188428F
:1021D00053D1FFE74FF4805009904FF000701790F3
:1021E00009A800F083FE18B1FFE7FEF709FCFFE73E
:1021F00041F6D810C2F200000168013101600068A8
:10220000012810D1FFE7FFE741F25800C4F20200B5
:10221000016841F000710160006800F000700890F2
:102220000898FFE7FFE7FFE741F24C00C4F2020025
:10223000016841F008010160006800F008000790A3
:102240000798FFE703201E9002201F9000200390B4
:10225000209021900920229040F60040C4F6000012
:102260001EA900F09FFA039A15200490012100F0A6
:1022700039FD049800F02CFD5DE02398006846F6D7
:102280000001C4F20001884254D1FFE74FF48050AE
:1022900009904FF00070179009A800F027FE18B1C0
:1022A000FFE7FEF7ADFBFFE741F6D810C2F20000F2
:1022B0000168013101600068012810D1FFE7FFE7E4
:1022C00041F25800C4F20200016841F0007101605F
:1022D000006800F0007006900698FFE7FFE7FFE750
:1022E00041F24C00C4F20200016841F002010160B9
:1022F000006800F0020005900598FFE74FF4405099
:102300001E9002201F900020019020902190092013
:10231000229040F20040C4F600001EA900F042FAEC
:10232000019A57200290012100F0DCFC029800F095
:10233000CFFCFFE7FFE724B080BD000080B58EB082
:102340000D900C919DF83000C007A8B1FFE70D98E3
:10235000402102AA6B46FFF73FFB0D9801210022A6
:10236000FFF716F9039830B9FFE70D9802A96A46FE
:10237000FEF7E2F9FFE7FFE70EB080BD80B58EB053
:102380000D900C919DF830000007002815D5FFE74F
:102390000D98412102AA6B46FFF71EFB0D980821FC
:1023A0000022FFF7F5F8039830B9FFE70D9802A96E
:1023B0006A46FEF7C1F9FFE7FFE70EB080BD0000F7
:1023C00082B00090009890F85C00012810D1FFE7DF
:1023D0000099022081F85C0000980168886920F06B
:1023E000010088610099002008668DF8070008E068
:1023F0000099086E40F00400086601208DF807007F
:10240000FFE79DF8070002B07047000081B0009020
:1024100001B0704781B0009001B0704782B0019068
:10242000009102B07047000082B00190009102B0AC
:102430007047000082B00190009102B07047000028
:1024400081B0009001B0704780B586B004900391D0
:10245000FFE740F20C00C2F200000078012804D12E
:10246000FFE702208DF81700BDE040F20C01C2F238
:10247000000101200870FFE7FFE74FF47A70FEF7D4
:10248000C9FC8DF80B009DF80B00002840F09E80E1
:10249000FFE740F20C01C2F200010020486042F266
:1024A0000000C4F2020000688005002820D5FFE784
:1024B00042F20000C4F202000068400500280FD577
:1024C000FFE742F20001C4F20201086820F48060D4
:1024D000086040F20C01C2F200010320087706E018
:1024E00040F20C01C2F2000101200877FFE71FE073
:1024F00042F20000C4F202000068400500280FD537
:10250000FFE742F20001C4F20201086820F4806093
:10251000086040F20C01C2F200010220087706E0D8
:1025200040F20C01C2F2000100200877FFE7FFE74C
:1025300004980068012814D1FFE704984068FEF76A
:1025400099FB4FF47A70FEF765FC8DF80B0042F2B0
:102550001401C4F20201086848F2040290430860C2
:1025600031E003994FF0FF300860049880680190D3
:10257000FFE70198049A9168D2681144884221D2F9
:10258000FFE7019804994968FEF7B2FB4FF47A70AF
:10259000FEF740FC8DF80B0042F21401C4F2020178
:1025A000086840F2FA32904308609DF80B0020B1B1
:1025B000FFE701980399086004E0FFE70198013004
:1025C0000190D6E7FFE7FEF7FBFAFFE7FFE740F2EF
:1025D0000C01C2F2000100200870FFE79DF80B001B
:1025E0008DF81700FFE79DF8170006B080BD0000CA
:1025F00081B001208DF8030042F21400C4F2020001
:10260000016841F0004101600068C00F20B1FFE7A0
:1026100000208DF80300FFE79DF8030001B070472C
:1026200080B588B006900591039302920020009037
:10263000FFE740F20C00C2F200000078012804D14C
:10264000FFE702208DF81F007BE040F20C01C2F290
:10265000000101200870FFE7FFE74FF47A70FEF7F2
:10266000D9FB8DF807009DF8070000285CD1FFE733
:1026700040F20C01C2F200010020486042F200006A
:10268000C4F202000068400500280FD5FFE742F2BF
:102690000001C4F20201086820F48060086040F282
:1026A0000C01C2F200010220087706E040F20C01A2
:1026B000C2F2000100200877FFE7069840B9FFE763
:1026C0000598029A039BFEF757FB0120009016E045
:1026D0000698012804D0FFE7069802280DD1FFE7ED
:1026E00005980299FEF75EFB0698022804D1FFE7E1
:1026F0004FF480200090FFE700E0FFE7FFE74FF492
:102700007A70FEF787FB8DF80700009848B1FFE765
:10271000009A42F21401C4F2020108689043086072
:10272000FFE7FEF74DFAFFE7FFE740F20C01C2F2C8
:10273000000100200870FFE79DF807008DF81F00DA
:10274000FFE79DF81F0008B080BD000081B00020A9
:102750008DF8030042F21400C4F202000068C00FBA
:10276000D8B1FFE742F20801C4F2020140F223109F
:10277000C4F26750086048F6AB10CCF6EF50086022
:1027800042F21400C4F202000068C00F20B1FFE75B
:1027900001208DF80300FFE7FFE79DF8030001B07B
:1027A000704700008BB00A90099100200890FFE765
:1027B000099800680899C840002800F0B181FFE737
:1027C00009980068089A01219140084007900798ED
:1027D000002800F0A181FFE70998406800F003009D
:1027E000012807D0FFE70998406800F0030002289D
:1027F0002FD1FFE70A9880680690089841000320CF
:1028000000FA01F10698884306900998C068089973
:10281000490000FA01F106980843069006980A99C3
:1028200088600A98406806900899012000FA01F132
:1028300006988843069009984068C0F300100899EC
:1028400000FA01F106980843069006980A99486034
:10285000FFE70998406800F0030003280CD1FFE768
:102860000998406800F0030003281DD1FFE709988C
:102870008068012818D0FFE70A98C0680690089879
:102880004100032000FA01F1069888430690099858
:1028900080680899490000FA01F1069808430690FB
:1028A00006980A99C860FFE70998406800F003009D
:1028B000022826D1FFE70A9808996FF0030202EA7E
:1028C00051010844006A0690089800F00700810052
:1028D0000F2000FA01F106988843069009980069D4
:1028E000089901F00701890000FA01F106980843F0
:1028F000069006980A99089B02EA5302114408625E
:10290000FFE70A980068069008984100032000FA43
:1029100001F10698884306900998406800F003008A
:102920000899490000FA01F10698084306900698B4
:102930000A990860099880798007002800F0EB80E8
:10294000FFE7FFE741F26000C4F20200016841F0D6
:1029500001010160006800F0010005900598FFE7A3
:10296000089820F003000821C4F2010140580690A5
:10297000089800F0030081000F2000FA01F106988A
:10298000884306900A98B0F1904F03D1FFE70020EA
:10299000049042E00A9840F20041C4F600018842E7
:1029A00003D1FFE70120039034E00A9840F60001CC
:1029B000C4F60001884203D1FFE70220029026E01E
:1029C0000A9840F60041C4F60001884203D1FFE7AF
:1029D0000320019018E00A9841F20001C4F60001BA
:1029E000884203D1FFE7042000900AE00A9941F2EF
:1029F0000042C4F600020620914208BF0520009064
:102A0000FFE700980190FFE701980290FFE7029826
:102A10000390FFE703980490FFE70498089901F0FA
:102A20000301890000FA01F1069808430690069810
:102A3000089921F003010822C4F20102885040F2F3
:102A40000840C4F201000068069007990698884380
:102A5000069009988079C006002805D5FFE70799F8
:102A6000069808430690FFE7069840F20841C4F232
:102A70000101086040F20C40C4F2010000680690B9
:102A8000079906988843069009988079800600285F
:102A900005D5FFE70799069808430690FFE70698D3
:102AA00040F20C41C4F20101086040F20440C4F25B
:102AB00001000068069007990698884306900998D7
:102AC00080798007002805D5FFE707990698084315
:102AD0000690FFE7069840F20441C4F20101086045
:102AE00040F20040C4F20100006806900799069881
:102AF0008843069009988079C00728B1FFE70799B5
:102B0000069808430690FFE7069840F20041C4F299
:102B100001010860FFE7FFE708980130089047E6E9
:102B20000BB0704782B00190ADF8021001980069B7
:102B3000BDF80210084204D0FFE701208DF8010023
:102B400003E000208DF80100FFE79DF8010002B0CE
:102B50007047000083B00290ADF8061002984069FB
:102B60000090009ABDF8060002EA0001904340EA96
:102B700001400299886103B07047000082B0019063
:102B8000ADF802108DF801209DF8010028B1FFE793
:102B9000BDF802000199886104E0BDF802000199C6
:102BA0008862FFE702B0704743F2E410C2F200000F
:102BB0000068704740F22C00C2F20000026843F245
:102BC000E411C2F200010868104408607047000078
:102BD00080B582B000208DF80700032000F09AF83D
:102BE0000F2000F00DF820B1FFE701208DF807005D
:102BF00002E000F049F8FFE79DF8070002B080BD51
:102C000080B582B0019000208DF8030040F22C00C6
:102C1000C2F20000006878B3FFE740F20000C2F2A1
:102C20000000006840F22C01C2F200010A684FF473
:102C30007A71B1FBF2F1B0FBF1F001F029FDB0B90E
:102C4000FFE701980F280DD8FFE701994FF0FF30FB
:102C5000002200F047F8019840F23001C2F2000172
:102C6000086003E001208DF80300FFE703E0012086
:102C70008DF80300FFE703E001208DF80300FFE774
:102C80009DF8030002B080BD80B582B0FFE741F23D
:102C90006000C4F20200016841F0010101600068B7
:102CA00000F0010001900198FFE7FFE741F25800B2
:102CB000C4F20200016841F080510160006800F038
:102CC000805000900098FFE700F006F902B080BD48
:102CD00080B582B08DF807009DF9070005F086FFEA
:102CE00002B080BD80B586B08DF8170004910392C4
:102CF00005F094FF02909DF9170001900298049945
:102D0000039A03F00BFC0146019805F08FFF06B013
:102D100080BD000080B582B00190019805F0A8FF49
:102D200002B080BD85B00390039800285ED1FFE714
:102D300047F20000C4F20000006800F4C060B0F583
:102D4000806F49D1FFE747F28001C4F200010868B3
:102D500020F48070086047F20002C4F2000211689B
:102D6000012060F34A21116040F20001C2F200012B
:102D70000968322251434DF68362C4F21B32A1FB33
:102D8000022100EB91400290FFE747F21400C4F2E9
:102D900000000168002049050029019006D5FFE7E1
:102DA0000298002818BF01200190FFE70198C00792
:102DB00020B1FFE7029801380290E6E747F21400DD
:102DC000C4F2000000684005002804D5FFE7032096
:102DD0008DF813007CE008E047F28001C4F20001A6
:102DE000086820F480700860FFE76DE00398B0F594
:102DF000007F5ED1FFE747F20000C4F200000068E8
:102E000000F4C060B0F5806F49D1FFE747F2800160
:102E1000C4F20001086840F48070086047F20002C4
:102E2000C4F200021168012060F34A21116040F2EF
:102E30000001C2F200010968322251434DF683625B
:102E4000C4F21B32A1FB022100EB91400290FFE78C
:102E500047F21400C4F2000001680020490500296F
:102E6000009006D5FFE70298002818BF01200090C7
:102E7000FFE70098C00720B1FFE7029801380290F1
:102E8000E6E747F21400C4F200000068400500289D
:102E900004D5FFE703208DF8130019E008E047F29E
:102EA0008001C4F20001086840F480700860FFE708
:102EB00009E047F20001C4F200010868022262F34F
:102EC0004A200860FFE7FFE700208DF81300FFE7C6
:102ED0009DF8130005B0704747F20801C4F20001E5
:102EE000086840F4804008607047000080B586B0F4
:102EF000059000208DF80B008DF80A000598807869
:102F00000007002840F1B580FFE700208DF8090098
:102F100041F25800C4F202000068C000002813D437
:102F2000FFE7FFE741F25800C4F20200016841F0F8
:102F300080510160006800F0805001900198FFE727
:102F400001208DF80900FFE747F20001C4F20001FB
:102F5000086840F480700860FFF726FE0390FFE7E2
:102F600047F20000C4F200000068C00500280CD43D
:102F7000FFE7FFF719FE0399401A032804D3FFE780
:102F800003208DF80B0000E0EAE79DF80B00002815
:102F90005BD1FFE741F29000C4F20200006800F448
:102FA000407004900498C8B1FFE704980599096D32
:102FB000884213D0FFE741F29001C4F20201086891
:102FC00020F440700490086840F48030086008687D
:102FD00020F48030086004980860FFE79DF8100036
:102FE000C007E0B1FFE7FFF7DFFD0390FFE741F225
:102FF0009000C4F202000068800700280ED4FFE7AA
:10300000FFF7D2FD0399401A41F28931884204D377
:10301000FFE703208DF80B0000E0E8E7FFE79DF8ED
:103020000B0060B9FFE741F29001C4F202010868A9
:1030300020F44070059A126D1043086004E09DF87A
:103040000B008DF80A00FFE704E09DF80B008DF8F7
:103050000A00FFE79DF80900012809D1FFE741F2C6
:103060005801C4F20201086820F080500860FFE7B0
:10307000FFE705980078C00760B1FFE741F28801DB
:10308000C4F20201086820F00300059A5268104358
:103090000860FFE705980078800700280CD5FFE757
:1030A00041F28801C4F20201086820F00C00059A80
:1030B000926810430860FFE70598007840070028F1
:1030C0000CD5FFE741F28801C4F20201086820F044
:1030D0003000059AD26810430860FFE70598007831
:1030E000000700280CD5FFE741F28801C4F2020175
:1030F000086820F0C000059A126910430860FFE7D5
:1031000005980078C00600280CD5FFE741F2880139
:10311000C4F20201086820F44070059A5269104315
:103120000860FFE705980078800600280CD5FFE7C7
:1031300041F28801C4F20201086820F44060059A57
:10314000926910430860FFE7059800784006002860
:103150000CD5FFE741F28801C4F20201086820F4AF
:103160004050059AD26910430860FFE7059800783F
:10317000000600280CD5FFE741F28801C4F20201E5
:10318000086820F44040059A126A10430860FFE77F
:1031900005984078C00760B1FFE741F28801C4F2AA
:1031A0000201086820F44030059A526A1043086012
:1031B000FFE705988078800700280CD5FFE741F2EB
:1031C0009C01C4F20201086820F00300059A926A8B
:1031D00010430860FFE705984078800700280CD569
:1031E000FFE741F28801C4F20201086820F44020A0
:1031F000059AD26A10430860FFE7059840784007B7
:1032000000281BD5FFE741F28801C4F202010868DB
:1032100020F44010059A126B104308600598006B6B
:10322000B0F5801F09D1FFE741F20C01C4F20201A1
:10323000086840F480100860FFE7FFE705984078D1
:10324000000700281BD5FFE741F28801C4F2020104
:10325000086820F44000059A526B104308600598F6
:10326000406BB0F5800F09D1FFE741F20C01C4F2C9
:103270000201086840F480100860FFE7FFE7059846
:103280004078C00600281BD5FFE741F28801C4F250
:103290000201086820F04070059A926B10430860A4
:1032A0000598806BB0F1807F09D1FFE741F20C01F6
:1032B000C4F20201086840F480100860FFE7FFE7ED
:1032C00005984078800600281BD5FFE741F2880169
:1032D000C4F20201086820F04060059AD26B1043E6
:1032E00008600598C06BB0F1006F09D1FFE741F2AB
:1032F0000C01C4F20201086840F480100860FFE786
:10330000FFE705984078400600281BD5FFE741F20B
:103310008801C4F20201086820F04060059A126C2E
:10332000104308600598006CB0F1006F09D1FFE709
:1033300041F20C01C4F20201086840F480100860F8
:10334000FFE7FFE705984078000600281BD5FFE758
:1033500041F28801C4F20201086820F04050059A49
:10336000526C104308600598406CB0F1805F09D141
:10337000FFE741F20C01C4F20201086840F480301A
:103380000860FFE7FFE705988078C007D8B1FFE73E
:1033900041F28801C4F20201086820F04040059A19
:1033A000926C104308600598806CB0F1804F09D191
:1033B000FFE741F20C01C4F20201086840F48030DA
:1033C0000860FFE7FFE705988078400700281BD5D5
:1033D000FFE741F29C01C4F20201086820F44010AA
:1033E000059AD26C104308600598C06CB0F5001FB8
:1033F00009D1FFE741F20C01C4F20201086840F470
:1034000080100860FFE7FFE79DF80A0006B080BD66
:1034100080B586B00490039100200090049820B9F4
:10342000FFE701208DF8170081E1039842F20001C7
:10343000C4F20201096801F00F01884216D9FFE7C2
:1034400042F20000C4F20200016821F00F01039A69
:1034500011430160006800F00F000399884204D016
:10346000FFE701208DF8170061E1FFE7049800787D
:10347000C007002800F0A380FFE7049840680328F5
:1034800039D1FFE741F20000C4F202000068800178
:10349000002804D4FFE701208DF8170047E103F06E
:1034A00053F9019001984BF20141C0F2C4418842A6
:1034B00020D3FFE741F20800C4F20200006810F0D8
:1034C000F00F0AD0FFE7049800788007002810D595
:1034D000FFE70498806860B9FFE741F20801C4F291
:1034E00002010868082262F307100860802000903B
:1034F000FFE7FFE738E00498406802280ED1FFE7B5
:1035000041F20000C4F2020000688003002804D4E5
:10351000FFE701208DF8170009E10DE041F20000FE
:10352000C4F2020000684005002804D4FFE701202F
:103530008DF81700FBE0FFE700F02CF901900198EF
:103540004BF20141C0F2C44188420CD3FFE741F283
:103550000801C4F202010868082262F3071008603B
:1035600080200090FFE7FFE741F20801C4F202016A
:10357000086820F00300049A526810430860FFF7BF
:1035800013FB0290FFE741F20800C4F2020000685A
:1035900000F00C0004994968B0EB810F0ED0FFE7F2
:1035A000FFF702FB0299401A41F28931884204D3A5
:1035B000FFE703208DF81700B9E0E4E7FFE7049880
:1035C0000078800700282CD5FFE704980078400792
:1035D000002809D5FFE741F20801C4F2020108689A
:1035E00040F4E0600860FFE70498007800070028D6
:1035F0000BD5FFE741F20801C4F20201086840F46C
:10360000E06020F460500860FFE741F20801C4F276
:103610000201086820F0F000049A926810430860E4
:103620000DE00098802809D1FFE741F20801C4F2BB
:103630000201086820F0F0000860FFE7FFE7039848
:1036400042F20001C4F20201096801F00F01884250
:1036500028D2FFE742F20001C4F20201086820F01C
:103660000F00039A10430860FFF79EFA0290FFE7ED
:1036700042F20000C4F20200006800F00F0003995B
:1036800088420ED0FFE7FFF78FFA0299401A41F205
:103690008931884204D3FFE703208DF8170046E004
:1036A000E6E7FFE704980078400700280CD5FFE71D
:1036B00041F20801C4F20201086820F4E060049AB3
:1036C000D26810430860FFE70498007800070028DC
:1036D0000DD5FFE741F20801C4F20201086820F4A9
:1036E0006050049A126940EAC2000860FFE700F0E7
:1036F00051F841F20801C4F202010968C9B20A098D
:103700004AF2B061C0F60001895C01F01F01C840B7
:1037100040F20001C2F20001086040F23000C2F243
:1037200000000068FFF76CFA8DF81700FFE79DF8BE
:10373000170006B080BD000040F20000C2F2000099
:103740000068704780B5FFF7F7FF41F20801C4F247
:1037500002010968C1F302224AF2C061C0F6000109
:10376000895C01F01F01C84080BD000080B5FFF7F3
:10377000E3FF41F20801C4F202010968C1F3C22269
:103780004AF2C061C0F60001895C01F01F01C84027
:1037900080BD000086B041F20800C4F2020000685B
:1037A00000F00C00042806D1FFE742F20040C0F20E
:1037B000F400019069E041F20800C4F202000068E0
:1037C00000F00C00082806D1FFE741F20020C0F20B
:1037D0007A00019058E041F20800C4F2020000684B
:1037E00000F00C000C284BD1FFE741F20C00C4F2B2
:1037F0000200016801F0030104910068C1B20120D8
:1038000000EB1110029004980090022815D0FFE7F9
:103810000098032812D1FFE7029941F20020C0F27C
:103820007A00B0FBF1F041F20C01C4F20201096828
:10383000C1F306214843059011E0FFE7029942F2E7
:103840000040C0F2F400B0FBF1F041F20C01C4F210
:1038500002010968C1F3062148430590FFE741F2E0
:103860000C00C4F20200006800F0C061022000EB0E
:103870001160039005980399B0FBF1F0019002E00C
:1038800000200190FFE7FFE7FFE7019806B07047CF
:10389000B0B588B00690069820B9FFE701208DF8F2
:1038A0001F00CCE306980078C007002800F09B803A
:1038B000FFE741F20800C4F20200006800F00C00CB
:1038C000049041F20C00C4F20200006800F0030012
:1038D000039004980C2804D1FFE70398032804D030
:1038E000FFE70498082812D1FFE741F20000C4F274
:1038F000020000688003002808D5FFE706984068AA
:1039000020B9FFE701208DF81F0098E36AE0FFE788
:1039100006984068B0F5803F09D1FFE741F2000109
:10392000C4F20201086840F48030086020E0069884
:103930004068B0F5A02F0DD1FFE741F20001C4F2BD
:103940000201086840F480200860086840F4803074
:1039500008600CE041F20001C4F20201086820F4A2
:1039600080300860086820F480200860FFE7FFE7E7
:10397000FFE706984068D0B1FFE7FFF715F905901B
:10398000FFE741F20000C4F2020000688003002853
:103990000CD4FFE7FFF708F90599401A652804D30E
:1039A000FFE703208DF81F0049E3EAE719E0FFF77E
:1039B000FBF80590FFE741F20000C4F20200006846
:1039C000800300280CD5FFE7FFF7EEF80599401AB1
:1039D000652804D3FFE703208DF81F002FE3EAE7F3
:1039E000FFE7FFE7FFE7069800788007002840F12F
:1039F0009F80FFE741F20800C4F20200006800F077
:103A00000C00049041F20C00C4F20200006800F0C7
:103A10000300039004980C2804D1FFE703980228C0
:103A200004D0FFE7049804282CD1FFE741F20000FE
:103A3000C4F2020000684005002808D5FFE7069898
:103A4000C06820B9FFE701208DF81F00F7E241F2BE
:103A50000401C4F20201086820F0FE40069A1269CF
:103A600040EA0260086040F23000C2F200000068E4
:103A7000FFF7C6F820B1FFE701208DF81F00DEE256
:103A8000FFE754E00698C06870B3FFE741F2000119
:103A9000C4F20201086840F480700860FFF784F8FF
:103AA0000590FFE741F20000C4F202000068400503
:103AB00000280CD4FFE7FFF777F80599401A032890
:103AC00004D3FFE703208DF81F00B8E2EAE741F2D4
:103AD0000401C4F20201086820F0FE40069A12694F
:103AE00040EA0260086021E041F20001C4F20201F4
:103AF000086820F480700860FFF756F80590FFE72B
:103B000041F20000C4F202000068400500280CD514
:103B1000FFE7FFF749F80599401A032804D3FFE7A8
:103B200003208DF81F008AE2EAE7FFE7FFE7FFE7DF
:103B3000069800780007002849D5FFE706984069F5
:103B400010B3FFE741F29401C4F20201086840F0AB
:103B500001000860FFF728F80590FFE741F29400A4
:103B6000C4F202000068800700280CD4FFE7FFF7CA
:103B70001BF80599401A032804D3FFE703208DF8AA
:103B80001F005CE2EAE721E041F29401C4F2020185
:103B9000086820F001000860FFF706F80590FFE7CD
:103BA00041F29400C4F202000068800700280CD59E
:103BB000FFE7FEF7F9FF0599401A032804D3FFE752
:103BC00003208DF81F003AE2EAE7FFE7FFE70698D7
:103BD00000784007002840F1C680FFE700208DF8FC
:103BE0000B0041F25800C4F202000068C000002837
:103BF00013D4FFE7FFE741F25800C4F20200016866
:103C000041F080510160006800F0805001900198FF
:103C1000FFE701208DF80B00FFE747F20000C4F238
:103C200000000068C005002822D4FFE747F2000129
:103C3000C4F20001086840F480700860FEF7B4FF29
:103C40000590FFE747F20000C4F200000068C005DD
:103C500000280CD4FFE7FEF7A7FF0599401A0328B8
:103C600004D3FFE703208DF81F00E8E1EAE7FFE750
:103C7000FFE706988068012809D1FFE741F290012B
:103C8000C4F20201086840F0010008601FE00698D5
:103C9000806805280DD1FFE741F29001C4F20201CE
:103CA000086840F004000860086840F001000860FF
:103CB0000CE041F29001C4F20201086820F001001A
:103CC0000860086820F004000860FFE7FFE7FFE7EE
:103CD00006988068E0B1FFE7FEF766FF0590FFE712
:103CE00041F29000C4F202000068800700280ED460
:103CF000FFE7FEF759FF0599401A41F289318842E2
:103D000004D3FFE703208DF81F0098E1E8E71BE0EC
:103D1000FEF74AFF0590FFE741F29000C4F202006F
:103D20000068800700280ED5FFE7FEF73DFF0599E4
:103D3000401A41F28931884204D3FFE703208DF80D
:103D40001F007CE1E8E7FFE79DF80B00012809D19F
:103D5000FFE741F25801C4F20201086820F08050E8
:103D60000860FFE7FFE7069800788006002849D53D
:103D7000FFE70698806910B3FFE741F29801C4F2AB
:103D80000201086840F001000860FEF70DFF059091
:103D9000FFE741F29800C4F20200006880070028A3
:103DA0000CD4FFE7FEF700FF0599401A032804D35F
:103DB000FFE703208DF81F0041E1EAE721E041F22F
:103DC0009801C4F20201086820F001000860FEF7C3
:103DD000EBFE0590FFE741F29800C4F20200006894
:103DE000800700280CD5FFE7FEF7DEFE0599401A94
:103DF000032804D3FFE703208DF81F001FE1EAE743
:103E0000FFE7FFE70698C069002800F01481FFE78C
:103E100041F20800C4F20200006800F00C000C2817
:103E200000F0B080FFE70698C06902287CD1FFE768
:103E300041F20001C4F20201086820F080700860BD
:103E4000FEF7B2FE0590FFE741F20000C4F2020067
:103E50000068800100280CD5FFE7FEF7A5FE059954
:103E6000401A032804D3FFE703208DF81F00E6E083
:103E7000EAE741F20C01C4F20201086848F20C02C0
:103E8000C0F29F121040DDF818C0DCF82020DCF8EA
:103E90002450DCF828E0DCF82C306FF00F0404EB41
:103EA0000514224342EA0E22DCF8304040F2000EB4
:103EB000CFF6E07E0EEA045EAEF5001E42EA0E0288
:103EC000DCF834E04FF07E4C0CEA0E6C0CF17E4CCA
:103ED00042EA0C0242EAC3621043086041F2000267
:103EE000C4F20202106840F080701060086840F070
:103EF00080700860FEF758FE0590FFE741F2000071
:103F0000C4F202000068800100280CD4FFE7FEF72D
:103F10004BFE0599401A032804D3FFE703208DF8D0
:103F20001F008CE0EAE72CE041F20001C4F202013C
:103F3000086820F080700860FEF736FE0590FFE705
:103F400041F20000C4F202000068800100280CD594
:103F5000FFE7FEF729FE0599401A032804D3FFE77F
:103F600003208DF81F006AE0EAE741F20C01C4F279
:103F7000020108684FF6FC72CFF6EE62104008604E
:103F8000FFE757E00698C069012804D1FFE7012048
:103F90008DF81F0053E041F20C00C4F202000068EB
:103FA0000390039800F003000699096A88423BD108
:103FB000FFE7039800F0F00006994A6A6FF00F01DE
:103FC00001EB021188422FD1FFE7039800F4FE4075
:103FD0000699896AB0EB012F26D1FFE7039800F01C
:103FE00078400699C96AB0EBC16F1DD1FFE703980D
:103FF00000F4C00006990A6B0021CFF6E07101EAD7
:104000000251A1F5001188420ED1FFE7039800F09C
:10401000C06006994A6B4FF07E4101EA026101F1EE
:104020007E41884204D0FFE701208DF81F0006E0A2
:10403000FFE7FFE7FFE700208DF81F00FFE79DF88F
:104040001F0008B0B0BD000080B582B00190002014
:104050008DF803000198406D80B1FFE70198406D35
:10406000FCF7FCFF48B1FFE70199086E40F0100033
:10407000086601208DF80300FFE7FFE70198806DD7
:1040800080B1FFE70198806DFCF7E8FF48B1FFE7DA
:104090000199086E40F01000086601208DF80300B9
:1040A000FFE7FFE701980168486820F003004860D7
:1040B0000199012081F85D009DF8030002B080BDE8
:1040C00080B582B001900198006843F20001C4F20B
:1040D000010188420ED1FFE741F6E811C2F200016A
:1040E000002081F8B500012081F8B400019800F0AB
:1040F00003F8FFE702B080BD81B000900098006E29
:1041000001B0704780B584B00290029820B9FFE7F3
:1041100001208DF80F0097E00298406A60B9FFE730
:1041200002984068B0F5827F01D1FFE703E0029971
:104130000020C861FFE705E00299002008610299AC
:104140004861FFE7029900208862029890F85D00BC
:1041500040B9FFE70299002081F85C00029800F066
:1041600077F8FFE70299022081F85D000298016864
:10417000086820F0400008600298C068B0F5E06F61
:1041800003D9FFE70020019003E04FF48050019035
:10419000FFE70298C068B0F5706F0AD0FFE7029899
:1041A000C068B0F5E06F04D0FFE702990020886294
:1041B000FFE7029A009211685068D2F808C01369AC
:1041C00000F482700CF4044C604403F002031844C1
:1041D000536903F001031844936903F4007318440E
:1041E000D36903F038031844136A03F080031844BA
:1041F000926A02F4005210430860029B588B00F050
:1042000004001968DA68D3F824C05B6B0CF0100C5A
:10421000604403F00803184402F470621044019AE9
:1042200002F480521044486002980168C86920F482
:104230000060C861029900200866029A012182F894
:104240005D108DF80F00FFE79DF80F0004B080BDF2
:1042500080B58AB0099000200890079006900590DC
:1042600004900998006843F20001C4F201018842F9
:104270007CD1FFE7FFE741F26000C4F20200016871
:1042800041F480510160006800F48050039003986D
:10429000FFE7FFE741F24C00C4F20200016841F081
:1042A00001010160006800F0010002900298FFE740
:1042B000F02004900220059001210691079005202E
:1042C00008904FF0904004A9FEF76CFA42F29C105F
:1042D000C2F2000001900821C4F2020101600A212B
:1042E000416000218160C160802202614161816181
:1042F000C1614FF400510162FDF71EF818B1FFE7EC
:10430000FCF77EFBFFE7FFE7099842F29C11C2F23F
:104310000001816509988862FFE742F2FC10C2F251
:10432000000000901C21C4F2020101600B214160D9
:10433000102181600021C1608022026141618161A0
:10434000C1614FF400510162FCF7F6FF18B1FFE7BD
:10435000FCF756FBFFE7FFE7099842F2FC11C2F2B7
:104360000001416509988862FFE7FFE70AB080BD58
:1043700081B0009001B0704781B0009001B07047EB
:1043800080B588B0069005910492ADF80E3006987D
:1043900090F85D008DF807000698406802909DF83F
:1043A0000700012812D0FFE70298B0F5827F09D1FB
:1043B000FFE70698806828B9FFE79DF80700042802
:1043C00004D0FFE702208DF81F0055E1059838B1B1
:1043D000FFE7049820B1FFE7BDF80E0020B9FFE722
:1043E00001208DF81F0047E1FFE7069890F85C0078
:1043F000012804D1FFE702208DF81F003CE1069957
:10440000012081F85C00FFE7FFE7069890F85D0067
:10441000042805D0FFE70699052081F85D00FFE735
:104420000699002008660599069A9163BDF80E105A
:10443000069A9187BDF80E10069AD1870499069ABC
:104440001164BDF80E10069AA2F84410BDF80E10C3
:10445000069AA2F846100699C86406990865069857
:104460000168486820F4C04048600698C068B0F50C
:10447000E06F07D9FFE706980168486820F480508C
:1044800048605FE006980168486840F480504860E2
:104490000698406D8069B0F5806F20D1FFE70698DF
:1044A000808FC00760B9FFE706980168486820F46C
:1044B000804048600698C08F40080699C8870DE084
:1044C00006980168486840F4804048600698C18FAB
:1044D000012000EB51000699C887FFE7FFE7069827
:1044E000806D8069B0F5806F2BD1FFE70698016879
:1044F000486820F4805048600698B0F84600C0072D
:1045000070B9FFE706980168486820F400504860D9
:104510000698B0F8460040080699A1F846000FE05A
:1045200006980168486840F4005048600698B0F862
:104530004610012000EB51000699A1F84600FFE764
:10454000FFE7FFE7069890F85D0004280FD1FFE72A
:104550000698816D46F6A920C0F60000086306980B
:10456000816D46F6D920C0F60000C8620EE00698BC
:10457000816D46F6C120C0F6000008630698816D83
:1045800046F67D30C0F60000C862FFE70698816DF0
:1045900046F67520C0F6000048630698816D00203D
:1045A0008863069B19681A6C986D0C31B3F8463015
:1045B000FCF770FF78B1FFE70699086E40F0100035
:1045C0000866FFE70699002081F85C00FFE70120FC
:1045D0008DF81F0050E006980168486840F001001F
:1045E00048600698416D002008630699496DC862CD
:1045F0000699496D48630699496D8863069B1A6858
:10460000996B586D0C32DB8FFCF744FF78B1FFE7F4
:104610000699086E40F010000866FFE70699002032
:1046200081F85C00FFE701208DF81F0024E0069868
:104630000068006800F04000402807D0FFE70698B7
:104640000168086840F040000860FFE7FFE706994E
:10465000002081F85C00FFE706980168486840F098
:104660002000486006980168486840F002004860F1
:1046700000208DF81F00FFE79DF81F0008B080BDE7
:1046800081B0009001B0704781B0009001B07047D8
:1046900080B582B00190019802F0C2FE02B080BDE8
:1046A00085B003900291FFE7039890F83C00012841
:1046B00004D1FFE702208DF81300A7E00399012041
:1046C00081F83C00FFE7FFE70399022081F83D00F5
:1046D0000398006840680190039800688068009023
:1046E0000398006842F60041C4F20101884212D0EA
:1046F000FFE70398006843F20041C4F201018842D9
:1047000009D0FFE70398006845F20001C4F20101F7
:1047100088420AD1FFE7019820F4700001900298C6
:104720004168019808430190FFE701984FF68F71A7
:10473000CFF6FF51084001900298016801980843A4
:10474000019001980399096848600398006842F64F
:104750000041C4F2010188423CD0FFE703980068A1
:10476000B0F1804F36D0FFE70398006840F2004177
:10477000C4F2000188422DD0FFE70398006840F69C
:104780000001C4F20001884224D0FFE703980068CA
:1047900040F60041C4F2000188421BD0FFE70398B5
:1047A000006843F20041C4F20101884212D0FFE7E1
:1047B0000398006844F20001C4F20101884209D064
:1047C000FFE70398006845F20001C4F20101884246
:1047D0000ED1FFE7009820F08000009002988168D9
:1047E0000098084300900098039909688860FFE7E3
:1047F0000399012081F83D00FFE70399002081F82B
:104800003C00FFE700208DF81300FFE79DF8130040
:1048100005B0704780B582B00090009820B9FFE7DE
:1048200001208DF8070045E0009890F83D0040B960
:10483000FFE70099002081F83C00009800F03EF866
:10484000FFE70099022081F83D00009951F8040B20
:1048500002F060FE0099012081F84800FFE700990E
:10486000012081F83E00009981F83F00009981F80D
:104870004000009981F84100009981F842000099B8
:1048800081F84300FFE7FFE70099012081F8440029
:10489000009981F84500009981F84600009981F857
:1048A0004700FFE70099012081F83D0000208DF8C6
:1048B0000700FFE79DF8070002B080BD82B00190BD
:1048C00001980068B0F1804F10D1FFE7FFE741F297
:1048D0005800C4F20200016841F001010160006863
:1048E00000F0010000900098FFE7FFE702B070477A
:1048F00083B00190019890F83D00012804D0FFE7B3
:1049000001208DF80B006CE00199022081F83D0038
:104910000198006842F60041C4F2010188423CD08F
:10492000FFE701980068B0F1804F36D0FFE70198AB
:10493000006840F20041C4F2000188422DD0FFE738
:104940000198006840F60001C4F20001884224D0BA
:10495000FFE70198006840F60041C4F20001884278
:104960001BD0FFE70198006843F20041C4F2010147
:10497000884212D0FFE70198006844F20001C4F2B7
:104980000101884209D0FFE70198006845F2000163
:10499000C4F20101884219D1FFE7019800688068DC
:1049A0000721C0F2010108400090009806280CD0B1
:1049B000FFE70098B0F5803F07D0FFE70198016856
:1049C000086840F001000860FFE706E00198016810
:1049D000086840F001000860FFE700208DF80B0038
:1049E000FFE79DF80B0003B07047000080B586B06C
:1049F0000490039100208DF80B00FFE7049890F8D5
:104A00003C00012804D1FFE702208DF81700E7E001
:104A10000499012081F83C00FFE7FFE70499022098
:104A200081F83D00049800688068019001984FF675
:104A30008871CFF6CE7108400190019820F47F4034
:104A400001900198049909688860039800680090B3
:104A5000002800F0AB80FFE70098102800F0A68047
:104A6000FFE70098202800F0A180FFE70098302899
:104A700000F09C80FFE70098402800F08A80FFE764
:104A8000009850286BD0FFE70098602874D0FFE7AB
:104A9000009870283FD0FFE70098B0F5805F39D0CC
:104AA000FFE70098B0F5005F4AD0FFE70098B0F547
:104AB000801F7BD0FFE70098B0F1101F76D0FFE792
:104AC00000982021C0F2100188426FD0FFE70098C3
:104AD0003021C0F21001884268D0FFE700984021E1
:104AE000C0F21001884261D0FFE700985021C0F267
:104AF000100188425AD0FFE700986021C0F21001EF
:104B0000884253D0FFE700987021C0F2100188421C
:104B10004CD052E055E004980068039B5A689968AD
:104B2000DB6802F0E5FD0498006880680190019858
:104B300040F077000190019804990968886040E08E
:104B400004980068039B5A689968DB6802F0D0FDFE
:104B500004980168886840F48040886031E00498D7
:104B60000068039A5168D26802F0F4FD0498006866
:104B7000502102F0D7FD24E004980068039A5168A0
:104B8000D26802F045FE04980068602102F0CAFD78
:104B900017E004980068039A5168D26802F0DAFDC1
:104BA00004980068402102F0BDFD0AE00498006806
:104BB0000399096802F0B6FD03E001208DF80B00AF
:104BC000FFE70499012081F83D00FFE704990020E8
:104BD00081F83C00FFE79DF80B008DF81700FFE718
:104BE0009DF8170006B080BD83B00190FFE70198E3
:104BF00090F88400012804D1FFE702208DF80B0013
:104C00002CE00199012081F88400FFE7FFE701997A
:104C10002420C1F88800019800680068009001987D
:104C20000168086820F001000860009820F000503A
:104C30000090019900204866009801990968086071
:104C400001992020C1F88800FFE70199002081F830
:104C50008400FFE700208DF80B00FFE79DF80B00B4
:104C600003B0704781B000900098006F01B07047AA
:104C700080B586B004900391ADF80A200498D0F86E
:104C80008C00202844D1FFE7039820B1FFE7BDF84E
:104C90000A0020B9FFE701208DF817003CE00499D5
:104CA0000120C86604990020086704980399BDF89C
:104CB0000A2003F047FC8DF809009DF8090010BB9D
:104CC000FFE70498C06E012818D1FFE70498016837
:104CD00010200862FFE7FFE70498006850E8000F23
:104CE00040F010000190FFE701990498026842E843
:104CF00000100028F0D1FFE7FFE703E001208DF866
:104D00000900FFE7FFE79DF809008DF8170003E0B1
:104D100002208DF81700FFE79DF8170006B080BD50
:104D200080B582B00190ADF802100198006843F69A
:104D30000001C4F20101884206D1FFE70198BDF8E5
:104D4000021005F0C9F81FE00198006844F2004124
:104D5000C4F20001884206D1FFE70198BDF80210B5
:104D600005F012F90FE00198006844F60001C4F262
:104D70000001884206D1FFE70198BDF8021005F056
:104D80005DF9FFE7FFE7FFE702B080BD81B000906B
:104D900001B0704780B584B002900191FFE702989E
:104DA00090F88400012804D1FFE702208DF80F005D
:104DB00032E00299012081F88400FFE7FFE70299C1
:104DC0002420C1F8880002980068006800900298CA
:104DD0000168086820F00100086002980068806897
:104DE00020F0606001990843029909688860029880
:104DF00002F076FD00980299096808600299202067
:104E0000C1F88800FFE70299002081F88400FFE7DD
:104E100000208DF80F00FFE79DF80F0004B080BD63
:104E200080B584B002900191FFE7029890F8840069
:104E3000012804D1FFE702208DF80F0032E002992B
:104E4000012081F88400FFE7FFE702992420C1F8E0
:104E5000880002980068006800900298016808685D
:104E600020F00100086002980068806820F060402F
:104E700001990843029909688860029802F030FDA0
:104E8000009802990968086002992020C1F88800FA
:104E9000FFE70299002081F88400FFE700208DF8E9
:104EA0000F00FFE79DF80F0004B080BD81B00090B7
:104EB00001B0704781B0009001B0704780B586B0F6
:104EC00004900498D0F8880003900498D0F88C00DF
:104ED00002900498006880680006002836D5FFE735
:104EE0000398212832D1FFE7FFE7FFE70498006825
:104EF00050E8020F20F080000190FFE7019904982C
:104F0000026842E802100028F0D1FFE7FFE70498AA
:104F1000C06FB8B1FFE70498C06FFCF79FF880B18D
:104F2000FFE70498C06FFCF755F9202808D1FFE788
:104F300004991020C1F8900003208DF8170049E073
:104F4000FFE7FFE7049802F0DDFFFFE70498006841
:104F500080684006002839D5FFE70298222835D11D
:104F6000FFE7FFE7FFE70498006850E8020F20F032
:104F700040000090FFE700990498026842E80210A0
:104F80000028F0D1FFE7FFE70498D0F88000C8B10F
:104F9000FFE70498D0F88000FCF760F888B1FFE7DD
:104FA0000498D0F88000FCF715F9202808D1FFE715
:104FB00004991020C1F8900003208DF8170009E033
:104FC000FFE7FFE7049802F02BFFFFE700208DF8D2
:104FD0001700FFE79DF8170006B080BD80B582B0CE
:104FE00001900198006843F60001C4F20101884273
:104FF00004D1FFE7019804F039FE1BE00198006836
:1050000044F20041C4F20001884204D1FFE7019854
:1050100004F074FE0DE00198006844F60001C4F24B
:105020000001884204D1FFE7019804F00FFFFFE779
:10503000FFE7FFE702B080BD81B000900098D0F894
:10504000900001B07047000080B590B00F900F98AD
:105050000068C0690E900F98006800680D900F9866
:10506000006880680C900E9840F60F0108400B9085
:105070000B98E0B9FFE79DF838008006002815D5A9
:10508000FFE79DF834008006002806D4FFE79DF86E
:105090003300C006002809D5FFE70F98406F20B104
:1050A000FFE70F98416F8847FFE796E2FFE70B980D
:1050B000002800F00C81FFE70C980121C1F20001EB
:1050C000084209D1FFE70D9840F22011C0F20041DB
:1050D000084200F0FC80FFE79DF83800C00788B167
:1050E000FFE79DF83500C00760B1FFE70F98016842
:1050F000012008620F99D1F8900040F00100C1F83A
:105100009000FFE79DF838008007002811D5FFE7E1
:105110009DF83000C00760B1FFE70F9801680220DA
:1051200008620F99D1F8900040F00400C1F8900097
:10513000FFE79DF838004007002811D5FFE79DF8EC
:105140003000C00760B1FFE70F98016804200862D3
:105150000F99D1F8900040F00200C1F89000FFE7ED
:105160009DF838000007002819D5FFE79DF83400A6
:105170008006002807D4FFE70C980121C1F2000146
:1051800008420CD0FFE70F980168082008620F99C9
:10519000D1F8900040F00800C1F89000FFE79DF8BA
:1051A00039000007002813D5FFE79DF837004007B6
:1051B00000280DD5FFE70F9801684FF400600862E2
:1051C0000F99D1F8900040F02000C1F89000FFE75F
:1051D0000F98D0F89000002878D0FFE79DF83800AD
:1051E0008006002815D5FFE79DF8340080060028CA
:1051F00006D4FFE79DF83300C006002809D5FFE775
:105200000F98406F20B1FFE70F98416F8847FFE785
:10521000FFE70F98D0F890000A900F980068806818
:1052200000F04000402806D0FFE79DF8280010F06D
:10523000280F42D0FFE70F9802F0F2FD0F980068A8
:1052400080684006002833D5FFE7FFE7FFE70F98A7
:10525000006850E8020F20F040000990FFE709992C
:105260000F98026842E802100028F0D1FFE7FFE73C
:105270000F98D0F88000B0B1FFE70F98D0F88010F9
:1052800047F6F930C0F6000088630F98D0F8800028
:10529000FBF73EFF30B1FFE70F98D0F88000816B3D
:1052A0008847FFE703E00F98FFF798FEFFE703E06A
:1052B0000F98FFF793FEFFE707E00F98FFF78EFECA
:1052C0000F990020C1F89000FFE7FFE785E10F98F4
:1052D000C06E012840F02281FFE79DF83800C0062B
:1052E000002840F11B81FFE79DF83400C00600282C
:1052F00040F11481FFE70F980168102008620F98B1
:10530000006880684006002840F1A680FFE70F98FB
:10531000D0F8800000684068ADF82200BDF8220097
:1053200000287CD0FFE7BDF822000F99B1F85C108F
:10533000884274DAFFE7BDF822000F99A1F85E00F9
:105340000F98D0F88000006800688006002859D4C3
:10535000FFE7FFE7FFE70F98006850E8000F20F431
:1053600080700790FFE707990F98026842E80010E5
:105370000028F0D1FFE7FFE7FFE7FFE70F9800689D
:1053800050E8020F20F001000690FFE706990F9801
:10539000026842E802100028F0D1FFE7FFE7FFE7CC
:1053A000FFE70F98006850E8020F20F040000590DA
:1053B000FFE705990F98026842E802100028F0D133
:1053C000FFE7FFE70F992020C1F88C000F9900201C
:1053D000C866FFE7FFE70F98006850E8000F20F06D
:1053E00010000490FFE704990F98026842E800104B
:1053F0000028F0D1FFE7FFE70F98D0F88000FBF717
:105400002DFEFFE70F99022008670F98B0F85C1097
:10541000B0F85E20891A89B2FFF782FC1BE0BDF864
:1054200022000F99B1F85C10884213D1FFE70F9862
:10543000D0F88000006800688006002809D5FFE7E2
:105440000F99022008670F98B0F85C10FFF768FC0E
:10545000FFE7FFE7FFE7C0E00F99B1F85C00B1F8A4
:105460005E10401AADF80E000F98B0F85E000028EC
:1054700053D0FFE7BDF80E0000284ED0FFE7FFE74E
:10548000FFE70F98006850E8000F20F4907002903A
:10549000FFE702990F98026842E800100028F0D157
:1054A000FFE7FFE7FFE7FFE70F98006850E8020F0C
:1054B0004FF6FE71CEF6FF7108400190FFE70199AB
:1054C0000F98026842E802100028EDD1FFE7FFE7DD
:1054D0000F992020C1F88C000F990020C8660F9901
:1054E0004867FFE7FFE70F98006850E8000F20F0DB
:1054F00010000090FFE700990F98026842E8001042
:105500000028F0D1FFE7FFE70F99022008670F9806
:10551000BDF80E10FFF704FCFFE75EE09DF83A00CF
:10552000C00600280FD5FFE79DF83200400600288E
:1055300009D5FFE70F9801684FF4801008620F98B3
:10554000FFF7B8FC49E09DF838000006002815D5A3
:10555000FFE79DF834000006002806D4FFE79DF819
:1055600032000006002809D5FFE70F98806F20B1B0
:10557000FFE70F98816F8847FFE72EE09DF838001E
:10558000400600280AD5FFE79DF8340040060028B1
:1055900004D5FFE70F9802F093FC1EE09DF83A0057
:1055A000000600280AD5FFE79DF8370040060028CE
:1055B00004D5FFE70F98FFF779FC0EE09DF83B005C
:1055C000C00750B1FFE79DF837000006002804D55A
:1055D000FFE70F98FFF7DAFBFFE710B080BD000090
:1055E00080B582B00090009820B9FFE701208DF8C7
:1055F000070046E00098806908B1FFE700E0FFE798
:105600000098D0F8880040B9FFE70099002081F8A1
:105610008400009800F03AF8FFE700992420C1F8D0
:10562000880000980168086820F001000860009870
:10563000806A20B1FFE7009802F096F9FFE7009832
:1056400002F08EFC012804D1FFE701208DF807004D
:1056500017E000980168486820F49040486000987E
:105660000168886820F02A0088600098016808684E
:1056700040F001000860009802F01AFA8DF8070067
:10568000FFE79DF8070002B080BD000080B5AEB016
:105690002D9000202C902B902A902990289013A8D0
:1056A0005421FAF7F8FE2D98006843F60001C4F281
:1056B0000101884240F09680FFE70120139000200E
:1056C000149013A8FDF712FC18B1FFE7FBF798F947
:1056D000FFE7FFE741F26000C4F20200016841F415
:1056E00080410160006800F4804012901298FFE74A
:1056F000FFE741F24C00C4F20200016841F00101F1
:105700000160006800F0010011901198FFE74FF46C
:10571000C06028900220299000200B902A902B90A6
:1057200007202C904FF0904028A9FDF73BF80B99EB
:1057300042F25C20C2F200000C903022C4F202025D
:105740000260182242608160C16080220261416172
:1057500081612021C1614FF440510162FBF7ECFDF2
:1057600018B1FFE7FBF74CF9FFE7FFE72D9842F28E
:105770005C21C2F20001C0F880102D988862FFE71A
:1057800042F2BC20C2F200000A904421C4F202019D
:10579000016019214160102181600021C1608022D7
:1057A000026141618161C1614FF400510162FBF707
:1057B000C3FD18B1FFE7FBF723F9FFE7FFE72D98DB
:1057C00042F2BC21C2F20001C1672D988862FFE756
:1057D0002520099000221146FDF784FA0998FDF76B
:1057E00077FA3EE12D98006844F20041C4F20001CE
:1057F000884240F09580FFE702201390002015902A
:1058000013A8FDF773FB18B1FFE7FBF7F9F8FFE703
:10581000FFE741F25800C4F20200016841F4003190
:105820000160006800F4003010901098FFE7FFE777
:1058300041F24C00C4F20200016841F00101016034
:10584000006800F001000F900F98FFE70C202890EF
:1058500002202990002007902A902B9007202C905E
:105860004FF0904028A9FCF79DFF079942F21C30A9
:10587000C2F2000008905822C4F2020202601A220A
:1058800042608160C16080220261416181612021AA
:10589000C1614FF400510162FBF74EFD18B1FFE703
:1058A000FBF7AEF8FFE7FFE72D9842F21C31C2F29A
:1058B0000001C0F880102D988862FFE742F27C302A
:1058C000C2F2000006906C21C4F2020101601B21AB
:1058D0004160102181600021C1608022026141612C
:1058E0008161C1614FF480510162FBF725FD18B160
:1058F000FFE7FBF785F8FFE7FFE72D9842F27C31E1
:10590000C2F20001C1672D988862FFE7262005904A
:1059100000221146FDF7E6F90598FDF7D9F99FE059
:105920002D98006844F60001C4F20001884240F05E
:105930009680FFE7042013900020169013A8FDF72F
:10594000D5FA18B1FFE7FBF75BF8FFE7FFE741F295
:105950005800C4F20200016841F48021016000682F
:1059600000F480200E900E98FFE7FFE741F24C0014
:10597000C4F20200016841F008010160006800F013
:1059800008000D900D98FFE74FF44070289002201A
:105990002990002003902A902B9007202C9040F60D
:1059A0000040C4F6000028A9FCF7FCFE039942F26F
:1059B000DC30C2F20000049040F24442C4F2020221
:1059C00002601C2242608160C160802202614161EC
:1059D00081612022C2610162FBF7AEFC18B1FFE7D2
:1059E000FBF70EF8FFE7FFE72D9842F2DC31C2F239
:1059F0000001C0F880102D988862FFE742F23C4019
:105A0000C2F20000029040F20841C4F202010160BB
:105A10001D214160102181600021C160802202614E
:105A200041618161C1610162FBF786FC18B1FFE74A
:105A3000FAF7E6FFFFE7FFE72D9842F23C41C2F29A
:105A40000001C1672D988862FFE72720019000229E
:105A50001146FDF747F90198FDF73AF9FFE7FFE72F
:105A6000FFE72EB080BD000081B0009001B070470C
:105A700081B0009001B0704780B582B0019001986C
:105A8000006843F60001C4F20101884204D1FFE737
:105A9000019804F01DF91BE00198006844F20041F0
:105AA000C4F20001884204D1FFE7019804F0B8F97C
:105AB0000DE00198006844F60001C4F2000188423C
:105AC00004D1FFE7019804F0F1F9FFE7FFE7FFE7F2
:105AD00002B080BDFFE7FEE784B00390029101921F
:105AE00001980090082830D80099DFE801F02D28AF
:105AF000231E19140F0A05000298C0790399C87172
:105B0000FFE70298807903998871FFE7029840794E
:105B100003994871FFE70298007903990871FFE73C
:105B20000298C0780399C870FFE7029880780399BB
:105B30008870FFE70298407803994870FFE7029861
:105B4000007803990870FFE700E0FFE704B07047B2
:105B500080B582B001908DF803109DF803004428B1
:105B600010D1FFE701999DF8032042F68020C2F290
:105B70000000FAF719FC41F6DC11C2F20001002026
:105B8000087215E09DF80300582810D1FFE701992D
:105B90009DF8032042F68020C2F20000FAF704FCD0
:105BA00041F6DC11C2F2000101200872FFE7FFE7B5
:105BB00002B080BD80B58AB009900891802007901E
:105BC0000020069005900490FFE704980999B1F829
:105BD000071088422DDAFFE7099804990844417AB2
:105BE00042F65800C2F20000B0F822228154B0F808
:105BF00022120131A0F82212D0F804120131C0F8AB
:105C00000412B0F82202B0F5007F0DD1FFE742F692
:105C10005801C2F200010020A1F82202079A01F502
:105C2000027002F0A9FEFFE7FFE70498013004903C
:105C3000CBE742F65800C2F20000B0F8220268B189
:105C4000FFE742F65801C2F200010020A1F822024B
:105C5000079A01F5027002F08FFEFFE742F6580046
:105C6000C2F20000D0F80C0258B1FFE745F65A2006
:105C7000CAF65A20059044F60000C0F601000690CE
:105C8000FFE742F65801C2F20001D1F8100203907A
:105C90000698D1F8041204F0D1FA0146039888421C
:105CA00020D1FFE708980999D1F803206B4600211D
:105CB00002911960FC21362300F094FD029B48F20A
:105CC0000000C0F6000005A9012202F021FE41F605
:105CD000AC20C2F2000044F24021C0F20F0104F0F7
:105CE00031FA1AE04AF65520CAF25000059048F2FF
:105CF0000000C0F6000005A901220023019302F074
:105D000007FE01990898099AD2F803206B4619609A
:105D1000FB21362300F066FDFFE742F65801C2F290
:105D200000010020A1F82202C1F804020AB080BDDF
:105D300080B58CB000200B900A90099008900790D5
:105D4000FFE741F24C00C4F20200016841F020017B
:105D50000160006800F0200006900698FFE7FFE76A
:105D600041F24C00C4F20200016841F001010160FF
:105D7000006800F0010005900598FFE7FFE741F299
:105D80004C00C4F20200016841F0020101600068A9
:105D900000F0020004900498FFE7FFE741F24C0096
:105DA000C4F20200016841F008010160006800F0DF
:105DB000080003900398FFE741F20040C4F600009A
:105DC00002900421009100220192FCF7D7FE009A74
:105DD00001990298079201220892022209920A91DF
:105DE00007A9FCF7DFFC0CB080BD000080B58CB0CB
:105DF000FFE741F24800C4F20200016841F00401EB
:105E00000160006800F004000B900B98FFE7FFE7CB
:105E100041F24800C4F20200016841F00201016051
:105E2000006800F002000A900A98FFE7FFE741F2DD
:105E30004800C4F20200016841F0010101600068FD
:105E400000F0010009900998FFE70B200090002264
:105E500007921146FCF746FF0098FCF739FF079AB6
:105E60000C2001901146FCF73DFF0198FCF730FF34
:105E7000079A0D2002901146FCF734FF0298FCF7B8
:105E800027FF079A0E2003901146FCF72BFF03987B
:105E9000FCF71EFF079A0F2004901146FCF722FF23
:105EA0000498FCF715FF079A102005901146FCF79F
:105EB00019FF0598FCF70CFF079A38200690114649
:105EC000FCF710FF0698FCF703FF079A3B200890A9
:105ED0001146FCF707FF0898FCF7FAFE0CB080BDEE
:105EE00080B588B042F29C40C2F20000019046F2B8
:105EF0000041C4F200010160002141608160C16085
:105F000001220274417481744FF00A0EC0F814E04B
:105F100082614FF00D0CC0F81CC003230362C0F86F
:105F200024E08262C0F82CC0036342638163C163D2
:105F3000FBF7D4FF18B1FFE7FAF762FDFFE7002097
:105F4000029003900221049101210591069007908F
:105F500042F29C40C2F2000002A9FBF76DFC18B1AE
:105F6000FFE7FAF74DFDFFE768460023036042F2C2
:105F70009C40C2F2000002221146FBF7B9FC18B1A6
:105F8000FFE7FAF73DFDFFE742F29C40C2F2000056
:105F9000FCF716FA18B1FFE7FAF732FDFFE742F215
:105FA0009C40C2F2000001210022FBF7F1FA18B177
:105FB000FFE7FAF725FDFFE708B080BD80B588B0A0
:105FC00042F20050C2F20000019046F60001C4F215
:105FD00000010160002141608160C1600122027402
:105FE000417481744FF00A0EC0F814E082614FF0E2
:105FF0000D0CC0F81CC003230362C0F824E08262C9
:10600000C0F82CC0036342638163C163FBF766FF82
:1060100018B1FFE7FAF7F4FCFFE7002002900390C5
:106020000221049105910690079042F20050C2F2BD
:10603000000002A9FBF700FC18B1FFE7FAF7E0FC4B
:10604000FFE768460023036042F20050C2F20000FE
:1060500002221146FBF74CFC18B1FFE7FAF7D0FC1F
:10606000FFE742F20050C2F2000002221146FBF7A5
:1060700073FC18B1FFE7FAF7C3FCFFE742F20050E8
:10608000C2F2000008210022FBF782FA18B1FFE7F4
:10609000FAF7B6FCFFE742F20050C2F20000FCF74C
:1060A0008FF918B1FFE7FAF7ABFCFFE708B080BD46
:1060B00080B58CB000200B900A9009900890079052
:1060C000FFE741F24C00C4F20200016841F02001F8
:1060D0000160006800F0200006900698FFE7FFE7E7
:1060E00041F24C00C4F20200016841F0010101607C
:1060F000006800F0010005900598FFE7FFE741F216
:106100004C00C4F20200016841F002010160006825
:1061100000F0020004900498FFE7FFE741F24C0012
:10612000C4F20200016841F008010160006800F05B
:10613000080003900398FFE740F60040C4F6000013
:1061400002904FF48061009100220192FCF716FD4D
:10615000009A01990298079201220892099102215E
:106160000A9107A9FCF71EFB0CB080BD80B584B076
:1061700042F26450C2F20000019043F20001C4F206
:106180000101016000210291416081604FF4E062F1
:10619000C2600161416181610162416281620722E5
:1061A000C26201634163FDF7ADFF18B1FFE7FAF783
:1061B00027FCFFE742F26450C2F200000168086861
:1061C00040F040000860FFE741F26000C4F20200C6
:1061D000016841F001010160006800F001000390D6
:1061E0000398FFE70C21C4F20101086820F00700C2
:1061F000086040F20841C4F20101086840F0100054
:10620000086040F20C41C4F20101086840F010003F
:10621000086040F21441C4F201011020086040F20D
:106220000041C4F20101086840F0100008600A2033
:10623000009000221146FCF755FD0098FCF748FD40
:1062400004B080BD80B588B000210091079106910F
:106250000591049103910291019142F2C850C2F25A
:1062600000004FF080420260A922426081604FF03E
:10627000FF32C26001618161FEF7CCFA18B1FFE71D
:10628000FAF7BEFBFFE74FF48050049042F2C8508B
:10629000C2F2000004A9FEF7A9FB18B1FFE7FAF764
:1062A000AFFBFFE700200190039042F2C850C2F21A
:1062B000000001A9FEF7F4F918B1FFE7FAF7A0FB17
:1062C000FFE742F2C850C2F20000FEF711FB08B02F
:1062D00080BD000080B582B042F21460C2F20000BE
:1062E000009043F60001C4F2010101604FF4E13176
:1062F0004160002101918160C16001610C22426115
:106300008161C161016241628162FFF769F918B17F
:10631000FFE7FAF775FBFFE742F21460C2F20000F4
:106320000021FEF77DFD18B1FFE7FAF769FBFFE7F3
:1063300042F21460C2F200000021FEF72BFD18B1FA
:10634000FFE7FAF75DFBFFE742F21460C2F20000DC
:10635000FEF74AFC18B1FFE7FAF752FBFFE702B07D
:1063600080BD000080B582B042F2A860C2F2000099
:10637000009044F20041C4F2000101604FF4E131A9
:106380004160002101918160C16001610C22426184
:106390008161C161016241628162FFF721F918B137
:1063A000FFE7FAF72DFBFFE742F2A860C2F2000018
:1063B0000021FEF735FD18B1FFE7FAF721FBFFE7F3
:1063C00042F2A860C2F200000021FEF7E3FC18B11F
:1063D000FFE7FAF715FBFFE742F2A860C2F2000000
:1063E000FEF702FC18B1FFE7FAF70AFBFFE702B07D
:1063F00080BD000080B582B042F23C70C2F2000065
:10640000009044F60001C4F2000101604FF4E13154
:106410004160002101918160C16001610C224261F3
:106420008161C161016241628162FFF7D9F818B1EF
:10643000FFE7FAF7E5FAFFE742F23C70C2F200002C
:106440000021FEF7EDFC18B1FFE7FAF7D9FAFFE7F4
:1064500042F23C70C2F200000021FEF79BFC18B132
:10646000FFE7FAF7CDFAFFE742F23C70C2F2000014
:10647000FEF7BAFB18B1FFE7FAF7C2FAFFE702B07E
:1064800080BD0000FFE7FEE780B586B08DF81700FD
:106490000491039204984068029004984068072889
:1064A00012D8FFE702980190FFE7019807280AD861
:1064B000FFE704980199014400200872FFE7019862
:1064C00001300190F1E7FFE70498008820B9FFE769
:1064D0000499087A0880FFE79DF8170048B9FFE79C
:1064E0000499039A42F68930C2F20000FAF70CFDD3
:1064F0000EE09DF81700012809D1FFE70499039ADF
:1065000042F68930C2F2000002F05EFAFFE7FFE7D0
:10651000002006B080BD0000FFE7FEE788B00790CE
:1065200006910592079800F0070004900498C0F1C6
:106530000700052803D3FFE70420019004E0049836
:10654000C0F107000190FFE7019803900498043020
:10655000062803D8FFE70020009003E004980338E2
:106560000090FFE70098029006980399012202FA32
:1065700001F101390840029B984005999A40013A7F
:106580001140084308B070477047000081B0009088
:106590000098406800990968401A00998968421873
:1065A00000988168B2FBF1F000FB112001B0704748
:1065B00080B586B0059004910392ADF80A30059835
:1065C00080680499401AADF80800BDF80800BDF8CD
:1065D0000A10884205DDFFE7BDF80A00ADF80800A3
:1065E000FFE703980599049A11441431BDF8082077
:1065F000F9F7DAFEBDF80A00BDF80810401AADF848
:106600000600BDF8060058B1FFE70398BDF8081072
:10661000084405991431BDF80620F9F7C5FEFFE7D7
:1066200006B080BD80B584B002900191029800F060
:1066300029F818B1FFE7002003901FE001990298A4
:106640000368C0681A0100EB031EDEF80430DEF8B0
:1066500008C0DEF80CE0C1F80CE0C1F808C04B60DF
:1066600080580860029908688A68431CB3FBF2F0FE
:1066700000FB1230086001200390FFE7039804B08C
:1066800080BD000081B00090009908684968401AF8
:10669000B0FA80F0400901B07047000010B586B034
:1066A000DDF820C0CDF810C0039302920191009054
:1066B000009800F025F818B1FFE7002005901CE0D5
:1066C00000994868D1F80CE00EEB00110401DDF8E8
:1066D00004C00298039A049B4EF804C0CB608A6001
:1066E0004860009948688A68431CB3FBF2F000FBDD
:1066F0001230486001200590FFE7059806B010BDF4
:1067000081B00090009A116850689268431CB3FBF6
:10671000F2F000FB1230401AB0FA80F0400901B0EC
:106720007047000083B0029001910092029900200E
:10673000086002994860009802998860019802995F
:10674000C86003B07047000086B041F20C00C4F28C
:106750000200016801F0030104910068C1B2012048
:1067600000EB1110029004980090022815D0FFE76A
:106770000098032812D1FFE7029941F20020C0F2ED
:106780007A00B0FBF1F041F20C01C4F20201096899
:10679000C1F306214843059011E0FFE7029942F258
:1067A0000040C0F2F400B0FBF1F041F20C01C4F281
:1067B00002010968C1F3062148430590FFE741F251
:1067C0000C00C4F20200006800F0C061022000EB7F
:1067D0001160039005980399B0FBF1F001900198C6
:1067E00006B0704780B584B0DDF818C00390ADF8EE
:1067F0000A100192ADF80230039808B9FFE728E0CB
:1068000003984421FF22F9F714FE0399AA20087087
:106810000399BB2081F84300BDF80A000399A1F851
:10682000010001980399C1F80300BDF80200039923
:10683000A1F8070003983F2102F094F90399C1F8E9
:106840003F0042F65801C2F20001012081F8240203
:10685000FFE704B080BD000080B582B05820ADF8DD
:106860000400BDF8040028B1FFE7BDF80400592872
:1068700004D3FFE75820ADF80400FFE700F06EF8FE
:10688000BDF8043042F26450C2F2000042F63131E9
:10689000C2F2000142F6D922C2F20002FDF770FDF9
:1068A00050B1FFE741F6E811C2F20001012081F882
:1068B000B4008DF807000AE041F6E811C2F20001C9
:1068C000012081F8B50000208DF80700FFE79DF852
:1068D000070002B080BD000042F26450C2F2000026
:1068E000B0F844007047000080B584B000F02EF886
:1068F00048B3FFE741F6E810C2F2000090F85A00F2
:1069000000B3FFE7EFF3108072B6039041F6E81092
:10691000C2F20000029090F85B2000F15C0142F6A8
:106920003130C2F200000190F9F73EFD0299019862
:1069300091F85B10AFF300800299002081F85A00B3
:1069400062B6FFE7FFE704B080BD000080B54FF0FE
:1069500090401021FCF7E6F880BD000080B584B0BF
:1069600042F26450C2F200000190FDF76DFB019805
:106970000268116821F0400111600168C968039143
:10698000016889680391039941F24002C4F202024E
:10699000116841F48051116000BF00BF116821F4FB
:1069A00080511160012180F85D1000210166FDF722
:1069B000A9FBFFE70020029042F26450C2F20000FF
:1069C0000168C96802910068806802900298FFE738
:1069D00042F26450C2F200000168086840F04000D2
:1069E000086004B080BD000080B582B042F6D820B7
:1069F000C2F20000007820B9FFE702208DF80700FE
:106A000033E0FFF7A3FF20B9FFE702208DF807006E
:106A10002BE041F6E810C2F2000090F8B50020B17A
:106A2000FFE700208DF807001FE041F6E810C2F2F2
:106A30000000007820B1FFE702208DF8070014E085
:106A4000FFF752FFFFF708FF01280AD1FFE741F6E1
:106A5000E811C2F20001012081F8B4008DF80700AE
:106A600003E000208DF80700FFE79DF8070002B063
:106A700080BD000080B582B001900198806A0090CE
:106A800000980168486820F0030048600099086E8B
:106A900040F0100008660099012081F85D00009820
:106AA000FDF70EFB02B080BD80B582B00190019869
:106AB000806A00900098FDF75FFC02B080BD000086
:106AC00080B582B001900198806A00900098FDF72F
:106AD000DBFD02B080BD000080B584B00390039858
:106AE000806A0290FCF760F80190039800680068E3
:106AF00000F0200020283AD0FFE70298016848689B
:106B000020F0200048600298806868B9FFE702988A
:106B10004068B0F5827F07D1FFE7029801684868B6
:106B200020F00300486006E002980168486820F001
:106B300001004860FFE70298019A642100F062F8C2
:106B400020B1FFE7029920200866FFE702990020A4
:106B5000A1F846000299012081F85D000298006EBC
:106B600020B1FFE70298FDF7ABFA04E0FFE70298D7
:106B7000FDF7FEFBFFE704B080BD000080B584B0E8
:106B800003900398806A0290FCF70EF80190039836
:106B90000068006800F0200020282CD0FFE7029851
:106BA0000168486820F0200048600298019A64213A
:106BB00000F08AF830B1FFE70299086E40F020003B
:106BC0000866FFE702980168486820F00300486003
:106BD00002990020C8870299A1F846000299012075
:106BE00081F85D000298006E20B1FFE70298FDF782
:106BF00067FA04E0FFE70298FDF742FDFFE704B003
:106C000080BD000080B586B0049003910292049884
:106C10004068B0F5827F13D1FFE704988068B0F533
:106C2000004F06D0FFE704988068B0F5806F07D169
:106C3000FFE704980168086820F040000860FFE75B
:106C40000498039B02996A4611608021002200F09B
:106C50002FF948B1FFE70499086E40F0200008665C
:106C600003208DF817002BE004984068B0F5827F70
:106C700022D1FFE704988068B0F5004F06D0FFE707
:106C800004988068B0F5806F16D1FFE70498039BE5
:106C900002996A4611604FF4C061002200F060F86A
:106CA00048B1FFE70499086E40F020000866032011
:106CB0008DF8170004E0FFE700208DF81700FFE7CC
:106CC0009DF8170006B080BD80B586B00490039192
:106CD00002920498039B02996A4611604FF4C051D6
:106CE000002200F03DF848B1FFE70499086E40F03B
:106CF0002000086603208DF817002CE00498039B01
:106D000002996A4611608021002200F0D1F848B152
:106D1000FFE70499086E40F02000086603208DF814
:106D2000170018E00498039B02996A4611604FF41B
:106D3000C061002200F014F848B1FFE70499086E22
:106D400040F02000086603208DF8170003E00020C3
:106D50008DF81700FFE79DF8170006B080BD000012
:106D600080B58CB0DDF838C00A900991089207937D
:106D700000208DF80B0007980190FBF715FF0246E5
:106D800001980E99891A08440590FBF70DFF0490AD
:106D90000A9800680C300390059840F20001C2F296
:106DA0000001096823225143090D48430690FFE77B
:106DB0000A980068806809990840089988426ED04E
:106DC000FFE70998B0F5C06F0AD1FFE7089838B916
:106DD000FFE7039800788DF80B009DF80B00FFE7A4
:106DE00007980130002859D0FFE7FBF7DDFE049932
:106DF000401A0599884204D2FFE70598002842D13D
:106E0000FFE70A980168486820F0E00048600A98A7
:106E10004068B0F5827F13D1FFE70A988068B0F52B
:106E2000004F06D0FFE70A988068B0F5806F07D161
:106E3000FFE70A980168086820F040000860FFE753
:106E40000A98806AB0F5005F0FD1FFE7FFE70A9864
:106E50000168086820F4005008600A980168086812
:106E600040F400500860FFE7FFE70A99012081F82D
:106E70005D00FFE70A99002081F85C00FFE703202E
:106E80008DF82F000FE0069818B9FFE70020059055
:106E900003E0069801380690FFE7FFE788E7002047
:106EA0008DF82F00FFE79DF82F000CB080BD00008B
:106EB00080B58AB0DDF830C0089007918DF81B20AE
:106EC000059305980190FBF76FFE024601980C9917
:106ED000891A08440390FBF767FE0290039840F27A
:106EE0000001C2F200010968C1F3CB3148430490AC
:106EF000FFE708980068806807990840401AB0FAD0
:106F000080F040099DF81B1088425FD0FFE705988C
:106F10000130002859D0FFE7FBF746FE0299401ADE
:106F20000399884204D2FFE70398002842D1FFE783
:106F300008980168486820F0E000486008984068B8
:106F4000B0F5827F13D1FFE708988068B0F5004F55
:106F500006D0FFE708988068B0F5806F07D1FFE79B
:106F600008980168086820F040000860FFE708986A
:106F7000806AB0F5005F0FD1FFE7FFE7089801686E
:106F8000086820F40050086008980168086840F418
:106F900000500860FFE7FFE70899012081F85D00D5
:106FA000FFE70899002081F85C00FFE703208DF8D7
:106FB00027000FE0049818B9FFE70020039003E0D2
:106FC000049801380490FFE7FFE792E700208DF86E
:106FD0002700FFE79DF827000AB080BD80B582B08A
:106FE00000F018F920B9FFE74FF48050019003E05A
:106FF0004FF400600190FFE7019802B080BD0000EF
:1070000080B586B0049000F005F900284CD0FFE769
:1070100000F0F8F820B3FFE70498039047F2E0503F
:10702000C1F6FF7000884FF6FF71884204D1FFE778
:107030004FF40020029007E047F2E050C1F6FF70E5
:10704000008880020290FFE70399029A4FF00060E7
:1070500000EB52020120914238BF0220059026E049
:107060000498019047F2E050C1F6FF7000884FF697
:10707000FF71884204D1FFE74FF40020009007E041
:1070800047F2E050C1F6FF70008880020090FFE7F1
:107090000199009A4FF0006000EB520202209142E9
:1070A00038BF0120059002E001200590FFE7059818
:1070B00006B080BD80B586B0049000F0ABF8002823
:1070C00054D0FFE700F09EF840B3FFE70498012892
:1070D0001DD1FFE747F2E050C1F6FF7000884FF680
:1070E000FF71884204D1FFE74FF40020039007E0CE
:1070F00047F2E050C1F6FF70008880020390FFE77E
:1071000003994FF0006000EB5100029003E04FF054
:1071100000600290FFE7029805902BE00498022897
:107120001DD1FFE747F2E050C1F6FF7000884FF62F
:10713000FF71884204D1FFE74FF40020019007E07F
:1071400047F2E050C1F6FF70008880020190FFE72F
:1071500001994FF0006000EB5100009003E04FF008
:1071600000600090FFE70098059003E04FF000609A
:107170000590FFE7059806B080BD000080B500F0DF
:1071800027F800F1006080BD80B586B004900498B7
:1071900000F048F820B9FFE74FF0FF30059014E009
:1071A0000498FFF72DFF0390049801900398FFF7D0
:1071B00081FF01460198401A0290FFF70FFF014638
:1071C0000298B0FBF1F00590FFE7059806B080BD8E
:1071D00081B047F2E050C1F6FF7000884FF6FF71B2
:1071E000884204D1FFE74FF40020009007E047F207
:1071F000E050C1F6FF70008880020090FFE7009821
:1072000001B070470020C4F201000068C0F3002004
:107210007047000042F22000C4F202000068C0F390
:107220008050704780B584B0039003990020B1F17D
:10723000006F02900CD3FFE703980190FFF79EFFC9
:10724000019902460020914238BF01200290FFE7D9
:10725000029800F0010004B080BD000080B584B049
:107260000390FFF7BBFE02900398FFF7DBFF014698
:107270000020019069B1FFE7039800F1784202997C
:10728000B2FBF1F000FB1120B0FA80F04009019050
:10729000FFE7019800F0010004B080BD80B586B022
:1072A00004900391FFF76AFF02900398A8B9FFE7E3
:1072B00004990020B1F1006F019008D3FFE7049911
:1072C000029A0020914298BF01200190FFE70198A7
:1072D00000F001008DF817001DE004990020B1F1C5
:1072E000006F009011D3FFE70499029A00209142A9
:1072F00000900AD2FFE703990298049A821A0020AC
:10730000914298BF01200090FFE7009800F0010033
:107310008DF81700FFE79DF8170006B080BD00004C
:107320007047000080B586B08DF817009DF81700F3
:1073300080BBFFE742F68020C2F200000390B0F865
:10734000211023300822049202F038F90398049A9D
:10735000B0F82B102D3002F031F90398049AB0F8F0
:107360003510373002F02AF90398049AB0F8031068
:10737000053002F051F90398049AB0F80D100F305F
:1073800002F04AF90398049AB0F81710193002F085
:1073900043F943E09DF8170001283ED1FFE742F68C
:1073A0008020C2F200000190B0F82B102D3008228E
:1073B000029202F003F90198029AB0F835103730C2
:1073C00002F0FCF80198029AB0F83F10413002F048
:1073D000F5F80198029AB0F849104B3002F0EEF837
:1073E0000198029AB0F80310053002F015F90198DF
:1073F000029AB0F80D100F3002F00EF90198029ABF
:10740000B0F81710193002F007F90198029AB0F895
:107410002110233002F000F9FFE7FFE706B080BD3E
:1074200080B582B0009000980138B0F1807F03D31E
:10743000FFE70120019019E0009801384EF2140195
:10744000CEF2000108604FF0FF300F2101F0EEFB9B
:107450004EF21801CEF20001002008604EF2100238
:10746000CEF20002072111600190FFE7019802B0FF
:1074700080BD000080B5FBF79DFB80BD80B594B05A
:1074800006A800903821F9F706F80020059004902E
:10749000039002900190FBF745FC009801210691B2
:1074A0004FF48031079102210D9103220E920F912A
:1074B00055221092119112911391FCF7E9F918B12C
:1074C000FFE7F9F79DFAFFE70F20019003200290F4
:1074D000002003900490059001A80421FBF798FF79
:1074E00018B1FFE7F9F78CFAFFE714B080BD000090
:1074F0004EF68851CEF20001086840F47000086032
:107500007047000042F2C850C2F200000068406AB2
:107510007047000083B002900191029800680090CB
:10752000029842F60041C4F2010188422DD0FFE7E3
:107530000298B0F1804F28D0FFE7029840F2004156
:10754000C4F20001884220D0FFE7029840F6000113
:10755000C4F20001884218D0FFE7029840F60041CB
:10756000C4F20001884210D0FFE7029843F20041C4
:10757000C4F20101884208D0FFE7029845F20001F9
:10758000C4F2010188420AD1FFE7009820F07000A0
:10759000009001984168009808430090FFE7029826
:1075A00042F60041C4F20101884245D0FFE702984B
:1075B000B0F1804F40D0FFE7029840F20041C4F2A2
:1075C0000001884238D0FFE7029840F60001C4F27B
:1075D0000001884230D0FFE7029840F60041C4F233
:1075E0000001884228D0FFE7029843F20041C4F22C
:1075F0000101884220D0FFE7029844F20001C4F262
:107600000101884218D0FFE7029844F20041C4F219
:107610000101884210D0FFE7029844F60001C4F24D
:107620000101884208D0FFE7029845F20001C4F248
:10763000010188420AD1FFE7009820F440700090D1
:107640000198C168009808430090FFE7009820F077
:107650008000019949690843009001988068029967
:10766000C8620198006802998862029842F6004157
:10767000C4F20101884228D0FFE7029843F200419A
:10768000C4F20101884220D0FFE7029844F20001D1
:10769000C4F20101884218D0FFE7029844F2004189
:1076A000C4F20101884210D0FFE7029844F60001BD
:1076B000C4F20101884208D0FFE7029845F20001B8
:1076C000C4F20101884205D1FFE7019800690299DF
:1076D0000863FFE70299086840F004000860029917
:1076E0000120486100980299086003B070470000CB
:1076F00085B00490039102920193049880680090F1
:10770000009820F47F40009003980299019A41EA82
:107710000221014300980843009000980499886072
:1077200005B0704783B00290019102988068009084
:1077300000984FF68F71CFF6CF71084000900198F6
:107740000099084340F00700009000980299886073
:1077500003B0704785B00490039102920498006AC8
:1077600000900499086A20F001000862049842F62B
:107770000041C4F20101884228D0FFE7049843F297
:107780000041C4F20101884220D0FFE7049844F28E
:107790000001C4F20101884218D0FFE7049844F2C6
:1077A0000041C4F20101884210D0FFE7049844F67A
:1077B0000001C4F20101884208D0FFE7049845F2B5
:1077C0000001C4F20101884206D1FFE70499086A6A
:1077D00020F004000862FFE7049880690190019896
:1077E00020F0F00001900299019840EA0110019008
:1077F000009820F00A000090039900980843009038
:1078000001980499886100980499086205B070474E
:1078100085B00490039102920498006A0090049944
:10782000086A20F010000862049842F60041C4F291
:107830000101884231D0FFE7049843F20041C4F2CD
:107840000101884229D0FFE7049844F20001C4F204
:107850000101884203D1FFE70020F0B9FFE7049857
:1078600044F20041C4F20101884203D1FFE7002045
:1078700098B9FFE7049844F60001C4F20101884278
:1078800003D1FFE7002040B9FFE7049845F200016B
:10789000C4F20101884206D1FFE70499086A20F08A
:1078A00040000862FFE7049880690190019820F485
:1078B000704001900299019840EA013001900098CF
:1078C00020F0A00000900399009840EA0110009079
:1078D00001980499886100980499086205B070477E
:1078E00082B001900198406E40B9FFE701990120F4
:1078F000A1F86A000199A1F8680032E008208DF82B
:1079000003008DF80200019800688068C0F34260AF
:107910008DF80100019800688068400F8DF8000024
:107920009DF802009DF800204AF2E063C0F60003D3
:10793000995C48434AF2D861C0F600018A5CB0FB0A
:10794000F2F0019AA2F86A009DF803009DF8012068
:107950009B5C5843895CB0FBF1F00199A1F8680089
:10796000FFE702B07047000081B00090009890F8E7
:107970002800000700280BD5FFE700980068406842
:1079800020F40040009A1168926B10434860FFE7B2
:10799000009890F82800C00758B1FFE700980068E9
:1079A000406820F40030009A1168D26A10434860A1
:1079B000FFE7009890F82800800700280BD5FFE724
:1079C00000980068406820F48030009A1168126BBB
:1079D00010434860FFE7009890F82800400700280F
:1079E0000BD5FFE700980068406820F48020009ADB
:1079F0001168526B10434860FFE7009890F8280028
:107A0000C00600280BD5FFE700980068806820F4C6
:107A10008050009A1168D26B10438860FFE700988D
:107A200090F82800800600280BD5FFE70098006832
:107A3000806820F40050009A1168126C104388602E
:107A4000FFE7009890F82800400600281CD5FFE7C3
:107A500000980068406820F48010009A1168526C09
:107A6000104348600098406CB0F5801F0BD1FFE7D1
:107A700000980068406820F4C000009A1168926C79
:107A800010434860FFE7FFE7009890F828000006E1
:107A900000280BD5FFE700980068406820F400201C
:107AA000009A1168D26C10434860FFE701B070473C
:107AB00080B588B0069006990020C1F89000FBF7C9
:107AC00073F80590069800680068000700282FD515
:107AD000FFE70698059B6A466FF07E4111604FF400
:107AE0000011002200F0C6FD08B3FFE7FFE7FFE743
:107AF0000698006850E8000F20F080000490FFE72F
:107B000004990698026842E800100028F0D1FFE7C7
:107B1000FFE706992020C1F88800FFE706990020BA
:107B200081F88400FFE703208DF81F005FE0FFE786
:107B30000698006800684007002842D5FFE70698CD
:107B4000059B6A466FF07E4111604FF48001002270
:107B500000F090FDA0B3FFE7FFE7FFE7069800689D
:107B600050E8000F20F490700390FFE70399069807
:107B7000026842E800100028F0D1FFE7FFE7FFE7C6
:107B8000FFE70698006850E8020F20F0010002901D
:107B9000FFE702990698026842E802100028F0D137
:107BA000FFE7FFE706992020C1F88C00FFE7069960
:107BB000002081F88400FFE703208DF81F0016E005
:107BC000FFE706992020C1F888000699C1F88C00CB
:107BD00006990020C86606990867FFE70699002005
:107BE00081F88400FFE700208DF81F00FFE79DF873
:107BF0001F0008B080BD000080B582B001900198E0
:107C0000806A00900098FDF7E9F902B080BD00009D
:107C100080B584B003900398806A02900298D0F8EF
:107C2000880001900298D0F88C00009002980068BB
:107C300080680006002808D5FFE70198212804D1B4
:107C4000FFE7029800F05EF9FFE70298006880689D
:107C50004006002808D5FFE70098222804D1FFE756
:107C6000029800F0DDF8FFE70299D1F8900040F0AB
:107C70001000C1F890000298FDF7B0F904B080BD83
:107C800080B588B007900798806A069007980068CA
:107C90000068800600285BD4FFE706990020A1F861
:107CA0005E00FFE7FFE70698006850E8000F20F449
:107CB00080700590FFE705990698026842E8001079
:107CC0000028F0D1FFE7FFE7FFE7FFE7069800682D
:107CD00050E8020F20F001000490FFE70499069895
:107CE000026842E802100028F0D1FFE7FFE7FFE753
:107CF000FFE70698006850E8020F20F0400003906C
:107D0000FFE703990698026842E802100028F0D1C4
:107D1000FFE7FFE706992020C1F88C000698C06EA7
:107D2000012814D1FFE7FFE7FFE70698006850E855
:107D3000000F20F010000290FFE7029906980268F9
:107D400042E800100028F0D1FFE7FFE7FFE7FFE778
:107D50000699002008670698C06E012821D1FFE728
:107D600006990020A1F85E00079800684068ADF809
:107D70000600BDF806000699B1F85C10884206DAE4
:107D8000FFE7BDF806000699A1F85E00FFE7069838
:107D9000B0F85C10B0F85E20891A89B2FCF7C0FF19
:107DA00003E00698FDF760FEFFE708B080BD000025
:107DB00080B584B003900398806A029002990120F4
:107DC00008670298C06E012823D1FFE70299B1F835
:107DD0005C004008A1F85E00039800684068ADF8B8
:107DE0000600BDF806000299B1F85C10884206DC76
:107DF000FFE7BDF806000299A1F85E00FFE70298D0
:107E0000B0F85C10B0F85E20891A89B2FCF788FFE0
:107E100003E00298FDF72CFEFFE704B080BD0000F0
:107E200084B00390FFE7FFE70398006850E8000F75
:107E300020F490700290FFE702990398026842E8EC
:107E400000100028F0D1FFE7FFE7FFE7FFE7039806
:107E5000006850E8020F4FF6FE71CEF6FF71084041
:107E60000190FFE701990398026842E80210002898
:107E7000EDD1FFE7FFE70398C06E012814D1FFE7BB
:107E8000FFE7FFE70398006850E8000F20F01000BC
:107E90000090FFE700990398026842E8001000286C
:107EA000F0D1FFE7FFE7FFE703992020C1F88C003E
:107EB00003990020C8660399486704B07047000022
:107EC00080B582B00190FFE7FFE70198006850E8B5
:107ED000000F20F040000090FFE700990198026831
:107EE00042E800100028F0D1FFE7FFE701992020C9
:107EF000C1F888000199002088670198FDF7BCFD52
:107F000002B080BD83B00290FFE7FFE702980068EF
:107F100050E8000F20F0C0000190FFE7019902989F
:107F2000026842E800100028F0D1FFE7FFE7FFE712
:107F3000FFE70298006850E8020F20F4000000906C
:107F4000FFE700990298026842E802100028F0D189
:107F5000FFE7FFE702992020C1F8880003B07047CF
:107F600080B592B0119000208DF83700119800680C
:107F700048F20001C4F20001884201D1FFE700E0AD
:107F8000FFE7119988680B694A69C969184310436A
:107F90000843109011980068006846F6F311CCF67B
:107FA000FF710840109908431199096808601198F9
:107FB0000068406820F44050119A1168D26810435C
:107FC00048601198806910901198006848F200018B
:107FD000C4F20001884206D0FFE71198016A1098A8
:107FE00008431090FFE71198006880684FF2FF4146
:107FF000C1F2FF110840109908431199096888607F
:1080000011980068C06A20F00F00119A1168526A36
:108010001043C862FFE71198006843F60001C4F2FC
:108020000101884225D1FFE741F28800C4F2020035
:10803000006800F0030001460A91032814D80A9949
:10804000DFE801F0020A060E01208DF83D000FE086
:1080500002208DF83D000BE004208DF83D0007E084
:1080600008208DF83D0003E010208DF83D00FFE76B
:1080700015E11198006844F20041C4F20001884201
:108080002AD1FFE741F28800C4F20200006800F044
:108090000C00014609910C2819D80999DFE801F074
:1080A000071717170F1717170B17171713000020AD
:1080B0008DF83D000FE002208DF83D000BE004201C
:1080C0008DF83D0007E008208DF83D0003E010200A
:1080D0008DF83D00FFE7E1E01198006844F60001EB
:1080E000C4F2000188422CD1FFE741F28800C4F2BB
:1080F0000200006800F030000146089160B1FFE71F
:108100000898102810D0FFE70898202808D0FFE72B
:10811000089830280CD00FE000208DF83D000FE0CB
:1081200002208DF83D000BE004208DF83D0007E0B3
:1081300008208DF83D0003E010208DF83D00FFE79A
:10814000ABE01198006844F60041C4F20001884297
:108150002CD1FFE741F28800C4F20200006800F071
:10816000C0000146079160B1FFE70798402810D092
:10817000FFE70798802808D0FFE70798C0280CD0B1
:108180000FE000208DF83D000FE002208DF83D004B
:108190000BE004208DF83D0007E008208DF83D003D
:1081A00003E010208DF83D00FFE775E011980068AE
:1081B00045F20001C4F2000188422FD1FFE741F2ED
:1081C0008800C4F20200006800F440700146069185
:1081D00078B1FFE70698B0F5807F12D0FFE70698E8
:1081E000B0F5007F09D0FFE70698B0F5407F0CD0CE
:1081F0000FE000208DF83D000FE002208DF83D00DB
:108200000BE004208DF83D0007E008208DF83D00CC
:1082100003E010208DF83D00FFE73CE01198006876
:1082200048F20001C4F2000188422FD1FFE741F279
:108230008800C4F20200006800F440600146059125
:1082400078B1FFE70598B0F5806F12D0FFE7059889
:10825000B0F5006F09D0FFE70598B0F5406F0CD07E
:108260000FE000208DF83D000FE002208DF83D006A
:108270000BE004208DF83D0007E008208DF83D005C
:1082800003E010208DF83D00FFE703E010208DF89B
:108290003D00FFE7FFE7FFE7FFE7FFE7FFE7FFE757
:1082A0001198006848F20001C4F20001884240F0D1
:1082B0007E80FFE79DF83D0001460491082819D80B
:1082C0000499DFE801F0051709170F1717171300B6
:1082D000FBF738FA0B9013E042F20040C0F2F400D2
:1082E0000B900DE0FBF756FA0B9009E04FF40040BD
:1082F0000B9005E000200B9001208DF83700FFE780
:108300000B98002852D0FFE70B9811994A6A4AF25D
:10831000E861C0F6000131F81210B0FBF1F00C90EA
:108320000C981199496801EB4101884207D3FFE796
:108330000C9811994968B0EB013F04D9FFE701207F
:108340008DF8370031E00B9811994A6802924A6A19
:108350004AF2E861C0F6000131F8122000230393CD
:108360001946F7F7A9FF029A039B090241EA106137
:10837000000210EB520041F10001F7F79DFF0E9053
:108380000E98B0F5407F0BD3FFE70E990020B0EBBD
:10839000115F05D1FFE70E9811990968C86003E0E5
:1083A00001208DF83700FFE7FFE7FFE7B9E01198FC
:1083B000C069B0F5004F61D1FFE79DF83D0001466F
:1083C000019108281DD80199DFE801F005090D1B6E
:1083D000131B1B1B1700FBF7B5F90B9017E0FBF7FE
:1083E000C5F90B9013E042F20040C0F2F4000B908C
:1083F0000DE0FBF7CFF90B9009E04FF400400B9034
:1084000005E000200B9001208DF83700FFE70B9866
:1084100098B3FFE70B98119A5168536A4AF2E862E1
:10842000C0F6000232F81320B0FBF2F0400000EB7F
:108430005100B0FBF1F00E900E98102818D3FFE712
:10844000BDF83A00A0B9FFE70E9820F00F00ADF894
:108450003E000E9800F00E01BDF83E0040EA5100CB
:10846000ADF83E00BDF83E0011990968C86003E010
:1084700001208DF83700FFE7FFE751E09DF83D0050
:108480000146009108281DD80099DFE801F0050990
:108490000D1B131B1B1B1700FBF754F90B9017E068
:1084A000FBF764F90B9013E042F20040C0F2F400D5
:1084B0000B900DE0FBF76EF90B9009E04FF40040D4
:1084C0000B9005E000200B9001208DF83700FFE7AE
:1084D0000B9820B3FFE70B98119A5168536A4AF240
:1084E000E862C0F6000232F81320B0FBF2F000EBB5
:1084F0005100B0FBF1F00E900E9810280AD3FFE760
:10850000BDF83A0030B9FFE7BDF8380011990968A5
:10851000C86003E001208DF83700FFE7FFE7FFE7C1
:10852000FFE711990120A1F86A001199A1F86800EC
:10853000119900204867119988679DF8370012B09B
:1085400080BD000080B588B006900591ADF812207E
:10855000059806998865BDF812000699A1F85C0097
:1085600006990020C1F8900006992220C1F88C00DD
:108570000698D0F88000B0B3FFE70698D0F88010D6
:1085800047F68140C0F60000C8620698D0F8801017
:1085900047F6B150C0F6000008630698D0F8801086
:1085A00047F61140C0F6000048630698D0F88010E6
:1085B0000020886306980168826DD0F8800024311D
:1085C000BDF81230F8F766FF60B1FFE7069910209A
:1085D000C1F8900006992020C1F88C0001208DF888
:1085E0001F0042E0FFE706980069A0B1FFE7FFE740
:1085F000FFE70698006850E8000F40F48070039091
:10860000FFE703990698026842E800100028F0D1BD
:10861000FFE7FFE7FFE7FFE7FFE70698006850E89E
:10862000020F40F001000290FFE7029906980268ED
:1086300042E802100028F0D1FFE7FFE7FFE7FFE77D
:108640000698006850E8020F40F040000190FFE7F4
:1086500001990698026842E802100028F0D1FFE76D
:10866000FFE700208DF81F00FFE79DF81F0008B00E
:1086700080BD000080B586B0DDF820C00490039175
:108680008DF80B200193FFE704980068C0690399F7
:108690000840401AB0FA80F040099DF80B1088425B
:1086A00066D1FFE708980130002860D0FFE7FAF7AD
:1086B0007BFA0199401A0899884203D8FFE7089885
:1086C00020B9FFE703208DF8170055E004980068F3
:1086D00000684007002849D5FFE70398802845D067
:1086E000FFE70398402841D0FFE704980068C0697D
:1086F00000F008010120B0EBD10F16D1FFE704987C
:1087000001680820009008620498FFF789FB009830
:108710000499C1F89000FFE70499002081F88400D3
:10872000FFE701208DF8170026E004980068C06973
:1087300000F400610120B0EBD12F16D1FFE70498BF
:1087400001684FF4006008620498FFF769FB049920
:108750002020C1F89000FFE70499002081F88400F0
:10876000FFE703208DF8170006E0FFE7FFE78BE740
:1087700000208DF81700FFE79DF8170006B080BDB8
:1087800080B542F21460C2F20000FCF75DFC80BDCF
:1087900080B542F2A860C2F20000FCF755FC80BD33
:1087A00080B542F23C70C2F20000FCF74DFC80BD87
:1087B00080B586B00590049180200390002002903F
:1087C000FFE702980599B1F8071088422DDAFFE714
:1087D000059802990844417A42F65800C2F2000016
:1087E000B0F822228154B0F822120131A0F82212EE
:1087F000D0F804120131C0F80412B0F82202B0F52A
:10880000007F0DD1FFE742F65801C2F200010020BF
:10881000A1F82202039A01F5027000F0ADF8FFE71B
:10882000FFE7029801300290CBE704980599D1F850
:1088300003206B4600211960FE213623FDF7D2FF8D
:1088400006B080BD80B586B00590049142F6580010
:10885000C2F20000019000210291A0F82212C0F89B
:1088600004124FF40071FF220392F7F7EAFD029918
:108870000598093001F054FD0199C1F810020598DE
:108880000930042101F04CFD0199C1F8140205984A
:108890000930082101F044FD0199C1F8180205983A
:1088A00009300C2101F03CFD029B01460198C0F803
:1088B0001C1242F20011C2F200014AF60022CAF272
:1088C00050020A60D0F810224A60D0F814228A6060
:1088D000D0F81822CA60D0F81C02086148F20000E3
:1088E000C0F60000052200F013F801980121C0F83D
:1088F0000C12D0F80C02F8F76DF80299039A04985C
:108900006B461960FA213623FDF76CFF06B080BD77
:1089100080B598B0179016911592ADF8523010208E
:10892000139003A801904021F7F7B5FD019917981E
:10893000139A01F093F8179800F0ACFF0020029012
:10894000FFE70298159988420FD2FFE71698029A1E
:1089500050F82200BDF852100A4403A941F8220041
:10896000FFE7029801300290EBE71798139A03A9EA
:1089700001F0C4F818B080BD80B584B003900291B6
:108980000192039838B1FFE7029820B1FFE7019800
:10899000802801D0FFE712E0039800680299019A4D
:1089A00001F0ACF8019A0399086800EB82000860B6
:1089B000029801998900FF22F7F743FDFFE704B011
:1089C00080BD0000FFE7FEE780B586B0059004910A
:1089D00003920398002861D1FFE7049800880138CA
:1089E00001460291032858D80299DFE801F00217E6
:1089F0002C4141F6DC11C2F20001086840F0010090
:108A00000860049800880599A1F82B0005982D307E
:108A1000049908310822FDF75FF83EE041F6DC11C9
:108A2000C2F20001086840F0020008600498008863
:108A30000599A1F8350005983730049908310822C6
:108A4000FDF74AF829E041F6DC11C2F2000108689E
:108A500040F004000860049800880599A1F83F00E0
:108A600005984130049908310822FDF735F814E0E3
:108A700041F6DC11C2F20001086840F0080008600D
:108A8000049800880599A1F8490005984B3004998D
:108A900008310822FDF720F8FFE760E0049800881D
:108AA000013801460191032858D80199DFE801F007
:108AB00002172C4141F6DC11C2F20001486840F077
:108AC00001004860049800880599A1F80300059802
:108AD0000530049908310822FCF7FEFF3EE041F61C
:108AE000DC11C2F20001486840F0020048600498BE
:108AF00000880599A1F80D0005980F3004990831F8
:108B00000822FCF7E9FF29E041F6DC11C2F200017E
:108B1000486840F004004860049800880599A1F86E
:108B2000170005981930049908310822FCF7D4FF82
:108B300014E041F6DC11C2F20001486840F0080080
:108B40004860049800880599A1F821000598233011
:108B5000049908310822FCF7BFFFFFE7FFE706B0E2
:108B600080BD000088B00790069100200590049019
:108B70000699CA1701EB9271891003910799029126
:108B80000190FFE70198039988420CDAFFE7029809
:108B9000019950F82110059848400590FFE7019889
:108BA00001300190EEE70698C11700EB917121F0BA
:108BB0000301401A049000200090FFE700980499F8
:108BC00088420EDAFFE70798039A009901EB8201C9
:108BD000415C059848400590FFE7009801300090FF
:108BE000ECE70598AA3008B07047000081B08DF816
:108BF00003009DF9030000280ED4FFE79DF9031040
:108C000001F01F02012090404A094EF20011CEF2FD
:108C1000000141F82200FFE701B070474EF60C500A
:108C2000CEF200000068C0F30220704782B08DF8D9
:108C3000070000919DF9070000280AD4FFE700987B
:108C400000019DF907104EF20042CEF20002885456
:108C50000BE0009800019DF8071001F00F014EF69F
:108C60001452CEF200028854FFE702B070470000B1
:108C700083B00290029800F0070000904EF60C516D
:108C8000CEF200010868019001984FF6FF021040F3
:108C900001900198009A40EA02200022C0F2FA52A4
:108CA000104301900198086003B07047BFF34F8FE5
:108CB0004EF60C51CEF20001086800F4E060042288
:108CC000C0F2FA5210430860BFF34F8FFFE700BFB6
:108CD000FDE7000083B00290ADF8061000208DF88B
:108CE0000500ADF80200FFE7BDF80200BDF8061070
:108CF000884210DAFFE70298BDF80210415C9DF847
:108D0000050008448DF80500FFE7BDF802000130BA
:108D1000ADF80200E8E79DF8050003B070470000D9
:108D200081B08DF803008DF802109DF802109DF8B7
:108D3000030040EA012000B201B0704782B08DF814
:108D400007008DF806108DF805208DF804309DF889
:108D5000040000069DF8051040EA01409DF8061049
:108D600040EA01209DF8071008440090009802B0E6
:108D70007047000080B592B08DF847001091ADF8B3
:108D80003E20109828B1FFE7BDF83E00072801DC1F
:108D9000FFE725E29DF84700503801460E910A286A
:108DA00000F21D820E99DFE811F00B0032007B000B
:108DB000BA00EF002001470164018101A301F30122
:108DC0001098007800F5FA6042F28411C2F20001B6
:108DD0000D91088010984078887010988078C8703D
:108DE0001098C078087110980079487110984079EF
:108DF000887110998879C979FFF792FF0D990881D8
:108E000042F21C11C2F2000101200870E8E1109941
:108E100008784978FFF784FFADF83C00BDF93C00C5
:108E200040F20401C2F200010B91097801F0C0FA8E
:108E300042F22010C2F200000C9080ED000A10995E
:108E40008878C978FFF76CFF0B99ADF83C00BDF945
:108E50003C00097801F0ACFA0C9880ED010A1099F9
:108E600008794979FFF75CFF0B99ADF83C00BDF933
:108E70003C00097801F09CFA0C9880ED020A1099E8
:108E80008879C979FFF74CFF01F026FB0C9880ED3B
:108E90000C0A42F21C11C2F20001012008709FE18D
:108EA000109908784978FFF73BFFADF83C00BDF911
:108EB0003C0040F20601C2F200010991098801F06C
:108EC000C9FA42F22010C2F200000A9080ED030AB3
:108ED00010998878C978FFF723FF0999ADF83C000D
:108EE000BDF93C00098801F0B5FA0A9880ED040A42
:108EF000109908794979FFF713FF0999ADF83C00FB
:108F0000BDF93C00098801F0A5FA0A9880ED050A30
:108F100042F21C11C2F200010120087060E11099B8
:108F200008784978FFF7FCFEADF83C00BDF93C003D
:108F300001F078FA42F22010C2F20000089080EDB1
:108F4000060A10998878C978FFF7EAFEADF83C0068
:108F5000BDF93C0001F066FA089880ED070A109907
:108F600008794979FFF7DCFEADF83C00BDF93C001B
:108F700001F058FA089880ED080A42F21C11C2F27A
:108F80000001012008702BE1109908784978FFF75B
:108F9000C7FE00EE100AB8EEC00A42F22010C2F27C
:108FA0000000079080ED090A10998878C978FFF7CA
:108FB000B7FE0146079800EE101AB8EEC00A80ED21
:108FC0000A0A109908794979FFF7AAFE014607981D
:108FD00000EE101AB8EEC00A80ED0B0A42F21C1126
:108FE000C2F2000101200870FAE01099087849786F
:108FF000FFF796FE42F26C11C2F200010691088062
:1090000010998878C978FFF78BFE069948801099E7
:1090100008794979FFF784FE069988801099887944
:10902000C979FFF77DFE0699C88042F21C11C2F291
:10903000000101200870D3E0109B187859789A78C5
:10904000DB78FFF77BFE42F21411C2F200010591BA
:109050000860109B187959799A79DB79FFF76EFED1
:109060000599486042F21C11C2F20001012008700B
:10907000B6E0109B187859789A78DB78FFF75EFE97
:1090800042F25411C2F2000104910860109B187959
:1090900059799A79DB79FFF751FE0499486042F2D9
:1090A0001C11C2F200010120087099E010990878A3
:1090B0004978FFF735FE42F25411C2F200010391E4
:1090C000088110998878C978FFF72AFE03994881AA
:1090D000109B187959799A79DB79FFF72FFE03995C
:1090E000C86042F21C11C2F200010120087077E052
:1090F000109908784978FFF713FE00EE100AB8EED1
:10910000C00A9FED381A8DED011A80EE010A42F275
:109110007410C2F20000029080ED000A1099887865
:10912000C978FFF7FDFD9DED011A0146029800EE9A
:10913000101AB8EEC00A80EE010A80ED010A1099FB
:1091400008794979FFF7ECFD9DED011A0146029877
:1091500000EE101AB8EEC00A80EE010A80ED020A95
:1091600010998879C979FFF7DBFD9DED011A014659
:10917000029800EE101AB8EEC00A80EE010A80EDE7
:10918000030A42F21C11C2F200010120087027E01C
:10919000109908784978FFF7C3FD42F25411C2F2E2
:1091A00000010091087410998878C978FFF7B8FD1C
:1091B00000994882109908794979FFF7B1FD009923
:1091C000888210998879C979FFF7AAFD0099C88229
:1091D00042F21C11C2F200010120087000E0FFE71A
:1091E00012B080BD0000004780B58CB00020029016
:1091F0000A900990089007900690059004900390BB
:1092000041F6DC10C2F2000090F9090038B3FFE724
:1092100041F6DC10C2F2000000900021417242F2DF
:109220009012C2F20002116042F29412C2F20002E5
:10923000116001604160007AFEF774F842F68930EF
:10924000C2F2000001905821FF22F7F7F2F80098CF
:10925000007A01F06DF8019800F0D8FBFFE700F00C
:1092600009FA00F03BFAEFF3108072B60B90FFE7BB
:1092700041F69810C2F2000007A9FDF7D3F950B1EA
:10928000FFE741F6DC10C2F20000007A07A90022D5
:10929000FDF7FAF8ECE7FFE741F6B810C2F200007C
:1092A00003A9FDF7BFF950B1FFE741F6DC10C2F2A8
:1092B0000000007A03A90122FDF7E6F8ECE762B6A8
:1092C00041F6DC10C2F20000006828B3FFE741F667
:1092D000DC10C2F20000006842F29011C2F20001FC
:1092E0000968884218D0FFE741F6E811C2F2000190
:1092F000002081F8B50041F6DC10C2F200000068E1
:1093000042F29011C2F20001086042F68930C2F2C6
:10931000000000F07BFBFFE741F6DC10C2F200002A
:10932000406828B3FFE741F6DC10C2F20000406855
:1093300042F29411C2F200010968884218D0FFE796
:1093400041F6E811C2F20001002081F8B50041F6B3
:10935000DC10C2F20000406842F29411C2F2000137
:10936000086042F68930C2F2000000F04FFBFFE7D0
:109370000CB080BD80B584B041F6DC11C2F20001B2
:10938000002002904872087242F68020C2F200006B
:1093900058210191F7F75DF8019942F68930C2F240
:1093A00000000390FF22F7F744F8029800F0C0FF96
:1093B000039841F6E812C2F20002442182F85B10E1
:1093C00000F024FB04B080BD80B586B0002004907E
:1093D00003908DF80B008DF80A0000F0E3FA41F6D7
:1093E000E810C2F200000078012801D0FFE785E014
:1093F000EFF3108072B6059041F6E810C2F200005B
:1094000041788DF80B10002141700170C078F92867
:1094100012DCFFE701208DF80A009DF80B1041F6E1
:10942000E810C2F200000230FCF792FB42F6802006
:10943000C2F20000049022E041F6E810C2F20000FF
:10944000C078FA2818DBFFE79DF80B00442813D1F9
:10945000FFE702208DF80A0041F6E810C2F2000092
:10946000811C42F2D070C2F2000001904422F6F753
:109470009BFF0198049001E062B63FE0FFE762B60F
:1094800004980078AA2839D1FFE704999DF80B00C9
:10949000084410F8010CBB2830D1FFE704989DF870
:1094A0000B100539FFF75EFB0390039800900499B9
:1094B0009DF80B0008440538002100F029FF014603
:1094C0000098884201D0FFE718E09DF80A000128C3
:1094D00005D1FFE79DF80B0001F07EF80DE09DF847
:1094E0000A00022808D1FFE742F65801C2F2000143
:1094F000012081F82502FFE7FFE7FFE706B080BD06
:1095000080B582B042F65800C2F2000090F9250200
:10951000002842D0FFE742F65801C2F200010020C5
:1095200081F8250242F2D070C2F20000B0F80100CA
:1095300001460091FD281ED0FFE70098FE280FD0BD
:10954000FFE70098FF2821D1FFE742F2D070C2F276
:10955000000042F61401C2F20001FFF773F915E0B2
:1095600042F2D070C2F2000042F61401C2F20001D1
:10957000FFF71EF90AE042F2D070C2F2000042F694
:109580001401C2F20001FCF715FBFFE742F61400DC
:10959000C2F2000000F03AFAFFE741F6AC20C2F256
:1095A000000000F0A5FD38B1FFE70120019001980F
:1095B00080F31088FFF77AFB02B080BD80B58AB0D7
:1095C0000990089107920898ADF80C00079804904C
:1095D00000200290FFE70298079988420BD2FFE72C
:1095E0000998029A805C03A911440872FFE7029867
:1095F00001300290EFE70399049A059B0698EC4628
:10960000CCF8000041F6A810C2F20000FDF746F8C1
:1096100000F030F80AB080BD80B58AB0099008919A
:1096200007920898ADF80C0007980490002002906B
:10963000FFE70298079988420BD2FFE70998029A40
:10964000805C03A911440872FFE702980130029080
:10965000EFE70399049A059B0698EC46CCF80000C6
:1096600041F6C810C2F20000FDF718F800F036F815
:109670000AB080BD80B58EB0FFE742F29C40C2F2D6
:109680000000F8F7BFFA38B3FFE741F6A810C2F2BE
:1096900000000AA9FCF7C6FF08B9FFE71CE0BDF807
:1096A000280001900020029003900B9904910590EE
:1096B0004FF4801106910790089009900AA800F1D4
:1096C000080242F29C40C2F2000001A9F8F766F8D5
:1096D00008B1FFE7FFE7D0E70EB080BD80B58EB0E0
:1096E000FFE742F20050C2F20000F8F78BFA38B3FD
:1096F000FFE741F6C810C2F200000AA9FCF792FF8A
:1097000008B9FFE71CE0BDF8280001900020029096
:1097100003900B99049105904FF4801106910790E6
:10972000089009900AA800F1080242F20050C2F223
:10973000000001A9F8F732F808B1FFE7FFE7D0E72A
:109740000EB080BD80B58EB00C900B910B9820B9F7
:10975000FFE700208DF837005FE00C98FDF77EFDF5
:1097600020B9FFE701208DF8370056E00020009077
:109770008DF82B000590F8F7E9FF00980490FFE7BB
:1097800004980B99884241D2FFE7FDF727FC03902C
:1097900004980399484302900C9802990844019058
:1097A00002980399B0FBF1F00499884205D1FFE7D4
:1097B00001980C99884204D2FFE701208DF82B0014
:1097C00024E00198FDF74AFD20B9FFE701208DF85C
:1097D0002B001BE0002006900198FDF711FC07907C
:1097E0000198FDF7D1FC08900120099006A805A971
:1097F000F8F72AFE8DF82B009DF82B0008B1FFE743
:1098000004E0FFE7049801300490B9E7F8F7F0FEB0
:109810009DF82B008DF83700FFE79DF837000EB05C
:1098200080BD000080B582B001908DF803100198D2
:109830009DF80310FFF786FF02B080BD80B588B0A9
:1098400006900698FDF70AFD20B9FFE701208DF884
:109850001F001BE00020009001900698FDF7D0FB50
:1098600002900698FDF790FC039001200490F8F711
:109870006DFF01A86946F8F7E7FD8DF81700F8F7C6
:10988000B7FE9DF817008DF81F00FFE79DF81F0039
:1098900008B080BD80B582B001900198FFF7CEFF7F
:1098A00002B080BD80B584B00020ADF80A00ADF8EC
:1098B0000800ADF80600FDF749F8002870D0FFE772
:1098C000EFF3108072B60390FDF706F8ADF80A00CA
:1098D00042F29C10C2F2000000684068ADF8080037
:1098E000BDF80A0028B1FFE7BDF80A00592804D3E3
:1098F000FFE75820ADF80A00FFE7BDF80800BDF803
:109900000A10884208DCFFE7BDF80A00BDF808101D
:10991000401AADF80600FFE7BDF80600442807D856
:10992000FFE741F6E811C2F200014420487011E05F
:10993000BDF8060045280CD3FFE7BDF806005828FF
:1099400007D8FFE741F6E811C2F20001582048703D
:10995000FFE7FFE741F6E810C2F200004078A0B14F
:10996000FFE741F6E810C2F20000009042780230B2
:1099700042F6D921C2F20001F6F716FD0099012046
:109980000870487881F85B00FFE741F6E811C2F201
:109990000001002081F8B50062B6FCF7DFFFFFE7A9
:1099A00004B080BD80B582B041F6E810C2F200007C
:1099B00090F8B40030B3FFE742F26450C2F2000006
:1099C000FAF742FB41F6E811C2F20001002081F8EB
:1099D000B500FFE70020019042F26450C2F200009F
:1099E0000168C96801910068806801900198FFE7EB
:1099F00041F6E811C2F20001002081F8B40000F045
:109A0000F5F8FFE7FCF7F0FF02B080BD80B584B049
:109A10000290029808B9FFE71DE0EFF3108072B6DC
:109A20000390029941F6E810C2F20000019090F80C
:109A30005B205C300090F6F7B7FC0199009891F834
:109A40005B10AFF300800199012081F85A0062B6E3
:109A5000FCF7CAFFFFE704B080BD000080B584B00A
:109A600003900291019203980299019A00F002F882
:109A700004B080BD80B586B0049003910292029834
:109A800020B9FFE701208DF8170033E0039820B9D3
:109A9000FFE701208DF817002CE00298800001906C
:109AA00001990298B0EB910F06D1FFE70498019954
:109AB000FDF7F4FB20B9FFE701208DF8170019E04E
:109AC00000200090FFE70098029988420ED2FFE73D
:109AD000049800680399009A41F822000498043021
:109AE0000490FFE7009801300090ECE700208DF82B
:109AF0001700FFE79DF8170006B080BD80B58AB05B
:109B00000890079106929DF82000400720B1FFE7DA
:109B100001208DF8270064E0079818B1FFE7069848
:109B200020B9FFE701208DF827005AE00898069930
:109B30008900FDF7B3FB20B9FFE701208DF827006E
:109B40004FE0002000908DF81700F8F7FFFD009817
:109B50000490FFE70498069988423BD2FFE7002073
:109B6000039002900899049A01EB820101910199F6
:109B7000D1E900120392029102900798049950F8DB
:109B80002120029803991043039102900498013018
:109B9000069988420DD2FFE70020039007980499A8
:109BA00000EB8100426802990398104302910390F0
:109BB000FFE70199029A039B0020F8F731FD8DF829
:109BC00017009DF8170008B1FFE703E00498023082
:109BD0000490BFE7F8F70CFD9DF817008DF82700FB
:109BE000FFE79DF827000AB080BD000080B584B073
:109BF00041F6E810C2F200000390002102910170CA
:109C00004170023058210191F6F723FC019942F688
:109C1000D920C2F20000F6F71CFC0299039880F8E4
:109C2000B41080F8B51042F6D822C2F20002012129
:109C3000117090F85B0040B9FFE741F6E811C2F2FD
:109C40000001582081F85B00FFE7FCF74DFEFCF7B0
:109C500003FE012808D1FFE741F6E811C2F2000136
:109C6000012081F8B400FFE704B080BD80B582B068
:109C700001900198FBF7E0F942F29811C2F200015D
:109C800008600198FBF71AF901980168086820F04C
:109C900001000860019801680120086201980168CC
:109CA0000220086201980168042008620198016896
:109CB0000820086201980068406A019801680868F5
:109CC00040F001000860F6F7AFFC02B080BD000074
:109CD00081B000900098006843F60001C4F20101D1
:109CE000884208D1FFE741F6B821C2F20001002006
:109CF00081F81402FFE701B07047000080B582B020
:109D00000190002000900198FBF796F900900198CF
:109D1000FBF7D4F801980168086820F0010008609A
:109D20000198016801200862019801680220086218
:109D300001980168042008620198016808200862FF
:109D400001980068406A01980168086840F00100C5
:109D50000860F6F797FC02B080BD000080B588B0BF
:109D60000590ADF812100020ADF80E00059820B156
:109D7000FFE7BDF8120020B9FFE70020ADF81A0098
:109D800049E0EFF3108072B6079041F6D040C2F27E
:109D90000000FCF7FBFBADF81000BDF8100060B947
:109DA000FFE7BDF81200BDF81010884205D0FFE7AC
:109DB00062B60020ADF81A002DE0BDF81000BDF825
:109DC0001210884204DDFFE7BDF81200029003E0A4
:109DD000BDF810000290FFE70298ADF80E0041F6C2
:109DE000D040C2F2000001900168059ABDF80E3023
:109DF000FCF7DEFB01990868BDF80E2083188A681D
:109E0000B3FBF2F000FB1230086062B6BDF80E0042
:109E1000ADF81A00FFE7BDF81A0008B080BD0000D9
:109E200081B000900098006844F20041C4F2000143
:109E3000884208D1FFE741F6D041C2F2000100207C
:109E400081F81402FFE701B07047000080B582B0CE
:109E50000190002000900198FBF7EEF80090019827
:109E6000FBF72CF801980168086820F001000860F1
:109E700001980168012008620198016802200862C7
:109E800001980168042008620198016808200862AE
:109E900001980068406A01980168086840F0010074
:109EA0000860F6F71BFC02B080BD000081B0009096
:109EB0000098006844F20041C4F20001884208D1D1
:109EC000FFE741F6E861C2F20001002081F81402C8
:109ED000FFE701B07047000080B584B00390ADF893
:109EE0000A100398006843F60001C4F20101884299
:109EF00001D0FFE746E00398FAF7B4FE019003981B
:109F0000D0F8800000684068C0F5007000900098AC
:109F10006FF35F2000900198022804D0FFE70198BA
:109F200001280CD1FFE7009A41F6B820C2F20000E8
:109F300042F6E131C2F2000100F070FB22E001982C
:109F4000F8B9FFE741F6B820C2F20000C16800206E
:109F5000B0EB512F0ED1FFE741F6B820C2F200005E
:109F6000C168C1F5007242F6E131C2F2000100F0B1
:109F7000FDF8FFE741F6B821C2F200010020C860F9
:109F8000FFE7FFE704B080BD80B584B00390ADF873
:109F90000A100398006844F20041C4F200018842AC
:109FA00001D0FFE748E00398FAF75CFE01900398C0
:109FB000D0F8800000684068C0F5007000900098FC
:109FC0006FF35F2000900198022804D0FFE701980A
:109FD00001280CD1FFE7009A41F6D040C2F2000000
:109FE00042F6E151C2F2000100F018FB24E00198B2
:109FF00008BBFFE741F6D040C2F20000C168002074
:10A00000B0EB512F10D1FFE741F6D040C2F2000073
:10A01000C26842F6E151C2F200011144C268C2F5C1
:10A02000007200F0A3F8FFE741F6D041C2F2000150
:10A030000020C860FFE7FFE704B080BD80B584B0B2
:10A040000390ADF80A100398006844F20041C4F28E
:10A050000001884201D0FFE748E00398FAF702FECA
:10A0600001900398D0F8800000684068C0F5007047
:10A07000009000986FF35F2000900198022804D0B0
:10A08000FFE7019801280CD1FFE7009A41F6E8604C
:10A09000C2F2000042F6E171C2F2000100F0BEFA25
:10A0A00024E0019808BBFFE741F6E860C2F2000037
:10A0B000C1680020B0EB512F10D1FFE741F6E860F6
:10A0C000C2F20000C26842F6E171C2F2000111441E
:10A0D000C268C2F5007200F049F8FFE741F6E86196
:10A0E000C2F200010020C860FFE7FFE704B080BDB6
:10A0F00080B584B002900298007A28B9FFE70298F0
:10A10000407A8DF80F0018E0FDF7FCF901900198F6
:10A1100002990968401A009000980299496888429B
:10A1200007D3FFE702990020087201208DF80F0085
:10A1300003E000208DF80F00FFE79DF80F0004B04A
:10A1400080BD000080B582B001900091FDF7DAF982
:10A1500001990860009801994860019901200872EE
:10A1600001990020487202B080BD000080B58CB01B
:10A170000A9009910892089818B1FFE7099808B960
:10A18000FFE759E0EFF3108072B60B900A988068F1
:10A1900002900A98FCF7FAF90299C0430844079024
:10A1A00008980799884203D8FFE70898019002E0D1
:10A1B00007980190FFE70198069006980899884251
:10A1C00005D2FFE70A99086901300861FFE70A989C
:10A1D000406803900A9880680399401A0590059892
:10A1E0000699884203D9FFE706980590FFE70A9889
:10A1F0000399084414300999059AF6F7D5F806989A
:10A200000599401A0490049848B1FFE70A98143061
:10A210000999059A1144049AF6F7C6F8FFE70398DE
:10A22000069942180A988168B2FBF1F000FB1120F0
:10A230000A99486062B6FFE70CB080BD86B0059011
:10A2400004914FF0FF30039048F22030CEF6B85022
:10A25000029000200190FFE701980499884229D2DA
:10A26000FFE705980199415C03984840039000205E
:10A270000090FFE70098072817DCFFE79DF80C0027
:10A28000C00748B1FFE7039948F22030CEF6B85036
:10A2900080EA5100039003E0039840080390FFE731
:10A2A000FFE7009801300090E4E7FFE701980130F4
:10A2B0000190D1E70398C04306B0704780B584B0E1
:10A2C0000020CDF80B000290019001A80B21FFF7B0
:10A2D00045FD0B281AD1FFE701A80A21FEF7FAFC79
:10A2E0008DF803009DF803009DF80E1088420CD1F4
:10A2F000FFE79DF805008DF802009DF8020001A916
:10A3000002310822FEF736FDFFE7FFE704B080BD0B
:10A3100082B00190009101980099405802B07047B6
:10A3200082B00190009101980099405802B07047A6
:10A3300080B584B08DF80F00002002909DF80F00CA
:10A34000B8B9FFE73F20029042F68930C2F2000020
:10A35000019040F20331A0F80110AA210170BB2145
:10A3600080F843100299FEF7FDFB0199C1F83F0008
:10A370001CE09DF80F00012817D1FFE75320029041
:10A3800042F68930C2F20000009040F20441A0F889
:10A390000110AA210170BB2180F857100299FEF725
:10A3A000E1FB0099C1F85300FFE7FFE704B080BD6F
:10A3B00083B0ADF80A008DF809109DF80900023845
:10A3C000014600910E2817D80099DFE801F0081522
:10A3D0000C151515101515151515151514004FF03C
:10A3E000804001900CE04FF08140019008E04FF078
:10A3F0008240019004E0FFE74FF083400190FFE7C7
:10A40000BDF90A0000EE100AB8EEC00A9FED041A6A
:10A4100080EE010A9DED011A20EE010A03B070479B
:10A420000000004781B0ADF80200BDF9020000EE67
:10A43000100AB8EEC00A9FED051A80EE010A9FEDE2
:10A44000041A20EE010A01B0704700BF0000004767
:10A450000000344383B0ADF80A00ADF80810BDF831
:10A46000080001460091FA280FD0FFE70098B0F5E8
:10A47000FA7F0FD0FFE70098B0F57A7F0FD0FFE7A3
:10A480000098B0F5FA6F0FD00FE00020C4F27A30D8
:10A4900001900FE00020C4F2FA3001900AE00020A1
:10A4A000C4F27A40019005E0FFE70020C4F2FA40D0
:10A4B0000190FFE7BDF90A0000EE100AB8EEC00AED
:10A4C0009FED041A80EE010A9DED011A20EE010AAB
:10A4D00003B070470000004781B0ADF80200BDF93D
:10A4E000020000EE100AB8EEC00A9FED031A80EEDB
:10A4F000010A01B0704700BF0000C84280B584B0B7
:10A5000000200190EFF3108072B602904EF60851D1
:10A51000CEF2000149F20000C0F600000860BFF36F
:10A520004F8FBFF36F8F00680390039880F3088804
:10A53000F8F74EFBFCF7A2FFFBF7BAFDFBF756FC62
:10A54000FBF7CEFCFBF73AFDFBF754FFFBF7C2FE2F
:10A55000FBF708FFFBF70AFEFBF774FEF6F732F88D
:10A56000F6F762F8F6F78EF8F6F7B8F8FEF702FF9E
:10A57000FFF73CFBFBF7DCFB40F20800C2F20000F7
:10A58000016841F6A020C2F20000FFF7DBFDFFE703
:10A59000FFF794FEFEF718FFFEF7B2FFFEF724FE6A
:10A5A00041F6A020C2F20000FFF7A2FD98B1FFE73C
:10A5B00040F20800C2F20000016841F6A020C2F299
:10A5C0000000FFF7BFFD41F20040C4F60000042187
:10A5D000F8F7C0FAFFE7DBE781B08DF803009DF8DC
:10A5E0000300442809D1FFE741F6DC11C2F2000163
:10A5F00000200872012048720DE09DF803005828E1
:10A6000008D1FFE741F6DC11C2F200010120087217
:10A610004872FFE7FFE701B07047000080B586B0E1
:10A6200005900491039203980599C968884201D165
:10A63000FFE72EE003980599C968884210D9FFE723
:10A6400003980599C968401A029005980499C26850
:10A650001144029AFFF78AFD03980599C86018E033
:10A660000598C068C0F50070019005980499C2680B
:10A670001144019AFFF77AFD039830B1FFE705987E
:10A680000499039AFFF772FDFFE703980599C860E4
:10A69000FFE706B080BDF1EE100A4FF6FF71C0F281
:10A6A000C03120EA010040F04070E1EE100A70472E
:10A6B0000000000000000000010203040607080972
:10A6C0000000000001020304000102030405060764
:10A6D000080C10141820304008040204080101017D
:10A6E000010101030701000001000200040006004F
:10A6F00008000A000C00100020004000800000014B
:10A7000020A7000800000020380000001402000804
:10A7100058A7000838000020B037000030020008B9
:10A720000024F4001000D00750C300000000000017
:10A730000000000000000000000000000100000018
:10A740000000000000000000000000000100000008
:08A750001000000000000000F1
:04000005080001D915
:00000001FF
